Artist,Similar,Listeners,Tag
Air,Air and Alessandro Baricco,1815885,electronic
Air,Zero 7,1815885,electronic
Air,Jeff Alexander,1815885,electronic
Air,Darkel,1815885,electronic
Air,Röyksopp,1815885,electronic
Air,Sébastien Tellier,1815885,electronic
Air,Goldfrapp,1815885,electronic
Air,Massive Attack,1815885,electronic
Air,Morcheeba,1815885,electronic
Air,The Chemical Brothers,1815885,electronic
Air,Thievery Corporation,1815885,electronic
Air,Télépopmusik,1815885,electronic
Air,Bonobo,1815885,electronic
Air,Portishead,1815885,electronic
Air,Beck,1815885,electronic
Air,Boards of Canada,1815885,electronic
Air,Moby,1815885,electronic
Air,M83,1815885,electronic
Air,Groove Armada,1815885,electronic
Air,Hooverphonic,1815885,electronic
Ali Farka Touré,Ali Farka Touré & Toumani Diabaté,134993,african
Ali Farka Touré,Vieux Farka Touré,134993,african
Ali Farka Touré,Toumani Diabaté,134993,african
Ali Farka Touré,Boubacar Traoré,134993,african
Ali Farka Touré,Oumou Sangare,134993,african
Ali Farka Touré,Ali Farka Touré and Ry Cooder,134993,african
Ali Farka Touré,Rokia Traoré,134993,african
Ali Farka Touré,Toumani Diabaté with Ballake Sissoko,134993,african
Ali Farka Touré,Tinariwen,134993,african
Ali Farka Touré,Orchestra Baobab,134993,african
Ali Farka Touré,Salif Keita,134993,african
Ali Farka Touré,Cheikh Lô,134993,african
Ali Farka Touré,Nass Marrakech,134993,african
Ali Farka Touré,Amadou & Mariam,134993,african
Ali Farka Touré,Afel Bocoum,134993,african
Ali Farka Touré,Baaba Maal,134993,african
Ali Farka Touré,Ballaké Sissoko,134993,african
Ali Farka Touré,Staff Benda Bilili,134993,african
Ali Farka Touré,Youssou N'Dour,134993,african
Ali Farka Touré,Habib Koité,134993,african
Amon Tobin,Cujo,710329,electronic
Amon Tobin,Two Fingers,710329,electronic
Amon Tobin,Silent Witness & Break,710329,electronic
Amon Tobin,Eskamon,710329,electronic
Amon Tobin,Cherrystones,710329,electronic
Amon Tobin,Xploding Plastix,710329,electronic
Amon Tobin,Facs & Scythe,710329,electronic
Amon Tobin,Skalpel,710329,electronic
Amon Tobin,Funki Porcini,710329,electronic
Amon Tobin,DJ Food,710329,electronic
Amon Tobin,Bonobo,710329,electronic
Amon Tobin,Eskmo,710329,electronic
Amon Tobin,Squarepusher,710329,electronic
Amon Tobin,Lorn,710329,electronic
Amon Tobin,Blockhead,710329,electronic
Amon Tobin,DJ Krush,710329,electronic
Amon Tobin,Clark,710329,electronic
Amon Tobin,Deep Roots,710329,electronic
Amon Tobin,Wagon Christ,710329,electronic
Amon Tobin,Aphex Twin,710329,electronic
Amorphous Androgynous,The Future Sound of London,99736,ambient
Amorphous Androgynous,Cranium Pie,99736,ambient
Amorphous Androgynous,Yage,99736,ambient
Amorphous Androgynous,Mountain Machine,99736,ambient
Amorphous Androgynous,The Orb,99736,ambient
Amorphous Androgynous,Humanoid,99736,ambient
Amorphous Androgynous,Indo Tribe,99736,ambient
Amorphous Androgynous,Mental Cube,99736,ambient
Amorphous Androgynous,Smart Systems,99736,ambient
Amorphous Androgynous,Ian Neal,99736,ambient
Amorphous Androgynous,Eat Static,99736,ambient
Amorphous Androgynous,Banco De Gaia,99736,ambient
Amorphous Androgynous,Biosphere,99736,ambient
Amorphous Androgynous,Younger Brother,99736,ambient
Amorphous Androgynous,Heaven and Earth,99736,ambient
Amorphous Androgynous,Shulman,99736,ambient
Amorphous Androgynous,Bob Downes,99736,ambient
Amorphous Androgynous,B12,99736,ambient
Amorphous Androgynous,Entheogenic,99736,ambient
Amorphous Androgynous,Orbital,99736,ambient
Anastasia,Mizar,53662,Macedonian
Anastasia,Mulan,53662,Macedonian
Anastasia,Aladdin,53662,Macedonian
Anastasia,Hercules,53662,Macedonian
Anastasia,Tarzan,53662,Macedonian
Anastasia,Alan Menken,53662,Macedonian
Anastasia,ARHANGEL,53662,Macedonian
Anastasia,Tangled,53662,Macedonian
Anastasia,Foltin,53662,Macedonian
Anastasia,The Prince of Egypt,53662,Macedonian
Anastasia,Disney,53662,Macedonian
Anastasia,Kismet,53662,Macedonian
Anastasia,Bernays Propaganda,53662,Macedonian
Anastasia,Leb i Sol,53662,Macedonian
Anastasia,Moulin Rouge,53662,Macedonian
Anastasia,Liz Callaway,53662,Macedonian
Anastasia,The Sherman Brothers,53662,Macedonian
Anastasia,Wicked,53662,Macedonian
Anastasia,Rent,53662,Macedonian
Anastasia,有澤孝紀,53662,Macedonian
Andy Stott,Demdike Stare,31534,dub techno
Andy Stott,Actress,31534,dub techno
Andy Stott,Raime,31534,dub techno
Andy Stott,Vessel,31534,dub techno
Andy Stott,Silent Servant,31534,dub techno
Andy Stott,Tim Hecker & Daniel Lopatin,31534,dub techno
Andy Stott,G.H.,31534,dub techno
Andy Stott,Shackleton,31534,dub techno
Andy Stott,Vatican Shadow,31534,dub techno
Andy Stott,Shed,31534,dub techno
Andy Stott,Claro Intelecto,31534,dub techno
Andy Stott,Pinch & Shackleton,31534,dub techno
Andy Stott,Holy Other,31534,dub techno
Andy Stott,Deepchord,31534,dub techno
Andy Stott,Pendle Coven,31534,dub techno
Andy Stott,Deepchord Presents Echospace,31534,dub techno
Andy Stott,Emptyset,31534,dub techno
Andy Stott,Laurel Halo,31534,dub techno
Andy Stott,Regis,31534,dub techno
Andy Stott,Porter Ricks,31534,dub techno
Anouar Brahem,Anouar Brahem Trio,89881,jazz
Anouar Brahem,"Anouar Brahem, John Surman, Dave Holland",89881,jazz
Anouar Brahem,Dhafer Youssef,89881,jazz
Anouar Brahem,Eleni Karaindrou,89881,jazz
Anouar Brahem,Le Trio Joubran,89881,jazz
Anouar Brahem,"Jan Garbarek, Anouar Brahem, Shaukat Hussain",89881,jazz
Anouar Brahem,Stephan Micus,89881,jazz
Anouar Brahem,Rabih Abou-Khalil,89881,jazz
Anouar Brahem,John Surman,89881,jazz
Anouar Brahem,Hossein Alizadeh,89881,jazz
Anouar Brahem,Kayhan Kalhor,89881,jazz
Anouar Brahem,Jan Garbarek,89881,jazz
Anouar Brahem,Renaud Garcia-Fons,89881,jazz
Anouar Brahem,Mohammad Reza Shajarian,89881,jazz
Anouar Brahem,Arild Andersen,89881,jazz
Anouar Brahem,Peyman Yazdanian,89881,jazz
Anouar Brahem,Vassilis Tsabropoulos,89881,jazz
Anouar Brahem,Anat Fort,89881,jazz
Anouar Brahem,David Darling,89881,jazz
Anouar Brahem,Mohsen Namjoo,89881,jazz
Aphex Twin,AFX,1080151,electronic
Aphex Twin,Polygon Window,1080151,electronic
Aphex Twin,Caustic Window,1080151,electronic
Aphex Twin,Mike & Rich,1080151,electronic
Aphex Twin,The Tuss,1080151,electronic
Aphex Twin,GAK,1080151,electronic
Aphex Twin,Squarepusher,1080151,electronic
Aphex Twin,Power-Pill,1080151,electronic
Aphex Twin,Autechre,1080151,electronic
Aphex Twin,Universal Indicator,1080151,electronic
Aphex Twin,Mescalinum United,1080151,electronic
Aphex Twin,Boards of Canada,1080151,electronic
Aphex Twin,µ-Ziq,1080151,electronic
Aphex Twin,Venetian Snares,1080151,electronic
Aphex Twin,Alarm Will Sound,1080151,electronic
Aphex Twin,Nav Katze,1080151,electronic
Aphex Twin,Kinesthesia,1080151,electronic
Aphex Twin,Bradley Strider,1080151,electronic
Aphex Twin,Luke Vibert,1080151,electronic
Aphex Twin,Chris Clark,1080151,electronic
Autechre,Gescom,412133,idm
Autechre,Autechre & The Hafler Trio,412133,idm
Autechre,AFX,412133,idm
Autechre,Squarepusher,412133,idm
Autechre,Aphex Twin,412133,idm
Autechre,Richard Devine,412133,idm
Autechre,Plaid,412133,idm
Autechre,Venetian Snares,412133,idm
Autechre,Brothomstates,412133,idm
Autechre,Boards of Canada,412133,idm
Autechre,µ-Ziq,412133,idm
Autechre,Polygon Window,412133,idm
Autechre,Phoenecia,412133,idm
Autechre,Bola,412133,idm
Autechre,The Tuss,412133,idm
Autechre,B12,412133,idm
Autechre,Clark,412133,idm
Autechre,Chris Clark,412133,idm
Autechre,Arovane,412133,idm
Autechre,Monolake,412133,idm
Baba Zula,Baba Zula & Mad Professor,61421,turkish
Baba Zula,Replikas,61421,turkish
Baba Zula,Nekropsi,61421,turkish
Baba Zula,Bandista,61421,turkish
Baba Zula,Brenna MacCrimmon,61421,turkish
Baba Zula,Gevende,61421,turkish
Baba Zula,Büyük Ev Ablukada,61421,turkish
Baba Zula,Mercan Dede,61421,turkish
Baba Zula,Ezginin Günlüğü,61421,turkish
Baba Zula,Bülent Ortaçgil,61421,turkish
Baba Zula,Siya Siyabend,61421,turkish
Baba Zula,Fikret Kızılok,61421,turkish
Baba Zula,Erkin Koray,61421,turkish
Baba Zula,Orient Expressions,61421,turkish
Baba Zula,Yasemin Mori,61421,turkish
Baba Zula,Fairuz Derin Bulut,61421,turkish
Baba Zula,Cem Karaca,61421,turkish
Baba Zula,Birsen Tezer,61421,turkish
Baba Zula,MFÖ,61421,turkish
Baba Zula,Ceylan Ertem,61421,turkish
Banco De Gaia,Eat Static,215422,ambient
Banco De Gaia,Ibizarre,215422,ambient
Banco De Gaia,International Peoples Gang,215422,ambient
Banco De Gaia,Loop Guru,215422,ambient
Banco De Gaia,Tripswitch,215422,ambient
Banco De Gaia,Spacetime Continuum,215422,ambient
Banco De Gaia,The Higher Intelligence Agency,215422,ambient
Banco De Gaia,Transglobal Underground,215422,ambient
Banco De Gaia,Sounds from the Ground,215422,ambient
Banco De Gaia,Astralasia,215422,ambient
Banco De Gaia,System 7,215422,ambient
Banco De Gaia,The Orb,215422,ambient
Banco De Gaia,Dub Trees,215422,ambient
Banco De Gaia,Perpetual Loop,215422,ambient
Banco De Gaia,Saafi Brothers,215422,ambient
Banco De Gaia,Celtic Cross,215422,ambient
Banco De Gaia,Side Liner,215422,ambient
Banco De Gaia,Legion Of Green Men,215422,ambient
Banco De Gaia,Kaya Project,215422,ambient
Banco De Gaia,Patchwork,215422,ambient
Beastie Boys,Run-D.M.C.,1846845,Hip-Hop
Beastie Boys,Public Enemy,1846845,Hip-Hop
Beastie Boys,BS 2000,1846845,Hip-Hop
Beastie Boys,Beck,1846845,Hip-Hop
Beastie Boys,Coil,1846845,Hip-Hop
Beastie Boys,Cypress Hill,1846845,Hip-Hop
Beastie Boys,A Tribe Called Quest,1846845,Hip-Hop
Beastie Boys,De La Soul,1846845,Hip-Hop
Beastie Boys,Mix Master Mike,1846845,Hip-Hop
Beastie Boys,Rage Against the Machine,1846845,Hip-Hop
Beastie Boys,Psychic TV,1846845,Hip-Hop
Beastie Boys,House of Pain,1846845,Hip-Hop
Beastie Boys,Jurassic 5,1846845,Hip-Hop
Beastie Boys,OutKast,1846845,Hip-Hop
Beastie Boys,The Roots,1846845,Hip-Hop
Beastie Boys,Bloodhound Gang,1846845,Hip-Hop
Beastie Boys,Eric B. & Rakim,1846845,Hip-Hop
Beastie Boys,N.W.A,1846845,Hip-Hop
Beastie Boys,The Chemical Brothers,1846845,Hip-Hop
Beastie Boys,Gorillaz,1846845,Hip-Hop
Beaumont Hannant,B12,17316,idm
Beaumont Hannant,Balil,17316,idm
Beaumont Hannant,Speedy J,17316,idm
Beaumont Hannant,Mark Franklin,17316,idm
Beaumont Hannant,Reload,17316,idm
Beaumont Hannant,Musicology,17316,idm
Beaumont Hannant,The Black Dog,17316,idm
Beaumont Hannant,Bola,17316,idm
Beaumont Hannant,RedCell,17316,idm
Beaumont Hannant,Gescom,17316,idm
Beaumont Hannant,Link,17316,idm
Beaumont Hannant,D'Arcangelo,17316,idm
Beaumont Hannant,I.A.O.,17316,idm
Beaumont Hannant,Proem,17316,idm
Beaumont Hannant,Autechre,17316,idm
Beaumont Hannant,Atypic,17316,idm
Beaumont Hannant,Astrobotnia,17316,idm
Beaumont Hannant,Bochum Welt,17316,idm
Beaumont Hannant,Bandulu,17316,idm
Beaumont Hannant,max 404,17316,idm
Bebel Gilberto,Celso Fonseca,421867,Bossa Nova
Bebel Gilberto,Rosalia de Souza,421867,Bossa Nova
Bebel Gilberto,Astrud Gilberto,421867,Bossa Nova
Bebel Gilberto,Sabrina Malheiros,421867,Bossa Nova
Bebel Gilberto,Rosa Passos,421867,Bossa Nova
Bebel Gilberto,Bossacucanova,421867,Bossa Nova
Bebel Gilberto,Suba,421867,Bossa Nova
Bebel Gilberto,Zuco 103,421867,Bossa Nova
Bebel Gilberto,João Gilberto,421867,Bossa Nova
Bebel Gilberto,Marisa Monte,421867,Bossa Nova
Bebel Gilberto,Ive Mendes,421867,Bossa Nova
Bebel Gilberto,Cibelle,421867,Bossa Nova
Bebel Gilberto,Paula Morelenbaum,421867,Bossa Nova
Bebel Gilberto,Gal Costa,421867,Bossa Nova
Bebel Gilberto,Sérgio Mendes,421867,Bossa Nova
Bebel Gilberto,Katia B,421867,Bossa Nova
Bebel Gilberto,Wanda De Sah,421867,Bossa Nova
Bebel Gilberto,Marcos Valle,421867,Bossa Nova
Bebel Gilberto,Céu,421867,Bossa Nova
Bebel Gilberto,Adriana Calcanhotto,421867,Bossa Nova
Boards of Canada,Aphex Twin,977186,ambient
Boards of Canada,Autechre,977186,ambient
Boards of Canada,Casino Versus Japan,977186,ambient
Boards of Canada,AFX,977186,ambient
Boards of Canada,Christ.,977186,ambient
Boards of Canada,Slag Boom Van Loon,977186,ambient
Boards of Canada,Freescha,977186,ambient
Boards of Canada,Tycho,977186,ambient
Boards of Canada,Bibio,977186,ambient
Boards of Canada,µ-Ziq,977186,ambient
Boards of Canada,Plaid,977186,ambient
Boards of Canada,Mike & Rich,977186,ambient
Boards of Canada,Squarepusher,977186,ambient
Boards of Canada,Clark,977186,ambient
Boards of Canada,The Tuss,977186,ambient
Boards of Canada,The Flashbulb,977186,ambient
Boards of Canada,Flying Lotus,977186,ambient
Boards of Canada,Biosphere,977186,ambient
Boards of Canada,Stars of the Lid,977186,ambient
Boards of Canada,Four Tet,977186,ambient
Bola,Jello,136008,idm
Bola,Proem,136008,idm
Bola,Brothomstates,136008,idm
Bola,Arovane,136008,idm
Bola,Jega,136008,idm
Bola,Gescom,136008,idm
Bola,Christ.,136008,idm
Bola,Funckarma,136008,idm
Bola,Ochre,136008,idm
Bola,Autechre,136008,idm
Bola,Kettel,136008,idm
Bola,Quinoline Yellow,136008,idm
Bola,B12,136008,idm
Bola,Esem,136008,idm
Bola,Lackluster,136008,idm
Bola,Lusine Icl,136008,idm
Bola,Loess,136008,idm
Bola,Freeform,136008,idm
Bola,Bochum Welt,136008,idm
Bola,Plaid,136008,idm
Bonga,Waldemar Bastos,28407,angola
Bonga,Paulo Flores,28407,angola
Bonga,Lura,28407,angola
Bonga,Tito Paris,28407,angola
Bonga,Mayra Andrade,28407,angola
Bonga,Orchestra Baobab,28407,angola
Bonga,Salif Keita,28407,angola
Bonga,Rokia Traoré,28407,angola
Bonga,Lokua Kanza,28407,angola
Bonga,Zoufris Maracas,28407,angola
Bonga,Cesária Évora,28407,angola
Bonga,Boubacar Traoré,28407,angola
Bonga,Isaac Delusion,28407,angola
Bonga,Ismaël Lô,28407,angola
Bonga,Cheikh Lô,28407,angola
Bonga,R.Wan,28407,angola
Bonga,Victor Démé,28407,angola
Bonga,Anis,28407,angola
Bonga,Ba Cissoko,28407,angola
Bonga,Sara Tavares,28407,angola
Bonobo,Hugo Maldoro,987037,downtempo
Bonobo,Mechanical Me,987037,downtempo
Bonobo,Solid Steel Players,987037,downtempo
Bonobo,Pilote,987037,downtempo
Bonobo,Super Numeri,987037,downtempo
Bonobo,The Cinematic Orchestra,987037,downtempo
Bonobo,Blockhead,987037,downtempo
Bonobo,Andreya Triana,987037,downtempo
Bonobo,Quantic,987037,downtempo
Bonobo,Amon Tobin,987037,downtempo
Bonobo,Emancipator,987037,downtempo
Bonobo,Belgradeyard Sound System,987037,downtempo
Bonobo,Paul Murphy,987037,downtempo
Bonobo,Four Tet,987037,downtempo
Bonobo,Thievery Corporation,987037,downtempo
Bonobo,Tycho,987037,downtempo
Bonobo,King Seven,987037,downtempo
Bonobo,Nightmares on Wax,987037,downtempo
Bonobo,Skalpel,987037,downtempo
Bonobo,Jon Kennedy,987037,downtempo
Brett Anderson,Suede,53855,britpop
Brett Anderson,The Tears,53855,britpop
Brett Anderson,Bernard Butler,53855,britpop
Brett Anderson,Strangelove,53855,britpop
Brett Anderson,McAlmont & Butler,53855,britpop
Brett Anderson,Mansun,53855,britpop
Brett Anderson,Gene,53855,britpop
Brett Anderson,Geneva,53855,britpop
Brett Anderson,Manic Street Preachers,53855,britpop
Brett Anderson,James Dean Bradfield,53855,britpop
Brett Anderson,Marion,53855,britpop
Brett Anderson,Menswear,53855,britpop
Brett Anderson,Rialto,53855,britpop
Brett Anderson,Pulp,53855,britpop
Brett Anderson,Jarvis Cocker,53855,britpop
Brett Anderson,The Auteurs,53855,britpop
Brett Anderson,Nicky Wire,53855,britpop
Brett Anderson,Marc Almond,53855,britpop
Brett Anderson,Puressence,53855,britpop
Brett Anderson,James,53855,britpop
Buena Vista Social Club,Buena Vista Social Club/Rubén González,510241,latin
Buena Vista Social Club,Manuel Guajiro Mirabal,510241,latin
Buena Vista Social Club,Omara Portuondo,510241,latin
Buena Vista Social Club,Rubén González,510241,latin
Buena Vista Social Club,Ibrahim Ferrer,510241,latin
Buena Vista Social Club,Compay Segundo,510241,latin
Buena Vista Social Club,Vania Borges,510241,latin
Buena Vista Social Club,Eliades Ochoa,510241,latin
Buena Vista Social Club,Ibrahím Ferrer,510241,latin
Buena Vista Social Club,Afro Cuban All Stars,510241,latin
Buena Vista Social Club,Cesária Évora,510241,latin
Buena Vista Social Club,Aquila Rose & Idania Valdez,510241,latin
Buena Vista Social Club,Tito Puente,510241,latin
Buena Vista Social Club,Manu Chao,510241,latin
Buena Vista Social Club,Rhythms Del Mundo,510241,latin
Buena Vista Social Club,Gipsy Kings,510241,latin
Buena Vista Social Club,Vania Borges feat. Quincy Jones,510241,latin
Buena Vista Social Club,U2 & Coco Freeman,510241,latin
Buena Vista Social Club,Gotan Project,510241,latin
Buena Vista Social Club,Septeto Nacional de Ignacio Piñeiro,510241,latin
Cesária Évora,Kayah & Cesaria Evora,253102,female vocalists
Cesária Évora,Lura,253102,female vocalists
Cesária Évora,Mariza,253102,female vocalists
Cesária Évora,Mayra Andrade,253102,female vocalists
Cesária Évora,Ismaël Lô,253102,female vocalists
Cesária Évora,Compay Segundo,253102,female vocalists
Cesária Évora,Bonga,253102,female vocalists
Cesária Évora,Amália Rodrigues,253102,female vocalists
Cesária Évora,Omara Portuondo,253102,female vocalists
Cesária Évora,Cristina Branco,253102,female vocalists
Cesária Évora,Orchestra Baobab,253102,female vocalists
Cesária Évora,Salif Keita,253102,female vocalists
Cesária Évora,Sara Tavares,253102,female vocalists
Cesária Évora,Susana Baca,253102,female vocalists
Cesária Évora,Ibrahim Ferrer,253102,female vocalists
Cesária Évora,Madredeus,253102,female vocalists
Cesária Évora,Pink Martini,253102,female vocalists
Cesária Évora,Buika,253102,female vocalists
Cesária Évora,Buena Vista Social Club,253102,female vocalists
Cesária Évora,Angélique Kidjo,253102,female vocalists
Claro Intelecto,Conforce,49382,minimal
Claro Intelecto,Shifted,49382,minimal
Claro Intelecto,Voices From The Lake feat. Donato Dozzy & Neel,49382,minimal
Claro Intelecto,Levon Vincent,49382,minimal
Claro Intelecto,Porter Ricks,49382,minimal
Claro Intelecto,Andy Stott,49382,minimal
Claro Intelecto,Redshape,49382,minimal
Claro Intelecto,Deepchord,49382,minimal
Claro Intelecto,Recondite,49382,minimal
Claro Intelecto,Sandwell District,49382,minimal
Claro Intelecto,Delta Funktionen,49382,minimal
Claro Intelecto,Shed,49382,minimal
Claro Intelecto,Pendle Coven,49382,minimal
Claro Intelecto,Morphosis,49382,minimal
Claro Intelecto,Peter van Hoesen,49382,minimal
Claro Intelecto,Voices from the Lake,49382,minimal
Claro Intelecto,Mohn,49382,minimal
Claro Intelecto,Fluxion,49382,minimal
Claro Intelecto,Silent Servant,49382,minimal
Claro Intelecto,Forward Strategy Group,49382,minimal
Cocteau Twins,This Mortal Coil,428378,dream pop
Cocteau Twins,Robin Guthrie,428378,dream pop
Cocteau Twins,"Harold Budd, Simon Raymonde, Robin Guthrie & Elizabeth Fraser",428378,dream pop
Cocteau Twins,Elizabeth Fraser,428378,dream pop
Cocteau Twins,Siouxsie and the Banshees,428378,dream pop
Cocteau Twins,Slowdive,428378,dream pop
Cocteau Twins,Cranes,428378,dream pop
Cocteau Twins,Lush,428378,dream pop
Cocteau Twins,Violet Indiana,428378,dream pop
Cocteau Twins,Robin Guthrie & Harold Budd,428378,dream pop
Cocteau Twins,The Sundays,428378,dream pop
Cocteau Twins,My Bloody Valentine,428378,dream pop
Cocteau Twins,Pale Saints,428378,dream pop
Cocteau Twins,Dead Can Dance,428378,dream pop
Cocteau Twins,His Name Is Alive,428378,dream pop
Cocteau Twins,Dif Juz,428378,dream pop
Cocteau Twins,Curve,428378,dream pop
Cocteau Twins,Chapterhouse,428378,dream pop
Cocteau Twins,Love Spirals Downwards,428378,dream pop
Cocteau Twins,LowLife,428378,dream pop
Нова Генерация,Клас,2645,darkwave
Нова Генерация,Ревю,2645,darkwave
Нова Генерация,Контрол,2645,darkwave
Нова Генерация,Стефан Вълдобрев,2645,darkwave
Нова Генерация,Тангра,2645,darkwave
Нова Генерация,Милена,2645,darkwave
Нова Генерация,Milena,2645,darkwave
Нова Генерация,Nasekomix,2645,darkwave
Нова Генерация,Стенли,2645,darkwave
Нова Генерация,Хиподил,2645,darkwave
Нова Генерация,Нова Генерация + Васил Гюров,2645,darkwave
Нова Генерация,Кале,2645,darkwave
Нова Генерация,Уикеда,2645,darkwave
Нова Генерация,Атлас,2645,darkwave
Нова Генерация,Остава,2645,darkwave
Нова Генерация,Дони И Момчил,2645,darkwave
Нова Генерация,Ostava,2645,darkwave
Нова Генерация,Klas,2645,darkwave
Нова Генерация,Wickeda,2645,darkwave
Нова Генерация,Voyvoda,2645,darkwave
Daft Punk,Thomas Bangalter,2740916,electronic
Daft Punk,Le Knight Club,2740916,electronic
Daft Punk,Stardust,2740916,electronic
Daft Punk,Justice,2740916,electronic
Daft Punk,Scott Grooves,2740916,electronic
Daft Punk,deadmau5,2740916,electronic
Daft Punk,The Chemical Brothers,2740916,electronic
Daft Punk,Gorillaz,2740916,electronic
Daft Punk,Digitalism,2740916,electronic
Daft Punk,Kanye West Feat. Daft Punk,2740916,electronic
Daft Punk,Kavinsky,2740916,electronic
Daft Punk,Fatboy Slim,2740916,electronic
Daft Punk,Boys Noize,2740916,electronic
Daft Punk,Danger,2740916,electronic
Daft Punk,The Bloody Beetroots,2740916,electronic
Daft Punk,Pendulum,2740916,electronic
Daft Punk,The Prodigy,2740916,electronic
Daft Punk,Sebastian,2740916,electronic
Daft Punk,Nero,2740916,electronic
Daft Punk,Röyksopp,2740916,electronic
Dead Can Dance,Brendan Perry,374506,ambient
Dead Can Dance,Lisa Gerrard,374506,ambient
Dead Can Dance,Lisa Gerrard & Pieter Bourke,374506,ambient
Dead Can Dance,Arcana,374506,ambient
Dead Can Dance,Irfan,374506,ambient
Dead Can Dance,Lisa Gerrard & Patrick Cassidy,374506,ambient
Dead Can Dance,This Mortal Coil,374506,ambient
Dead Can Dance,Love Is Colder Than Death,374506,ambient
Dead Can Dance,Cocteau Twins,374506,ambient
Dead Can Dance,Lisa Gerrard & Jeff Rona,374506,ambient
Dead Can Dance,Fields of the Nephilim,374506,ambient
Dead Can Dance,Faith and the Muse,374506,ambient
Dead Can Dance,Daemonia Nymphe,374506,ambient
Dead Can Dance,Vas,374506,ambient
Dead Can Dance,Black Tape for a Blue Girl,374506,ambient
Dead Can Dance,Ulver,374506,ambient
Dead Can Dance,Dark Sanctuary,374506,ambient
Dead Can Dance,Rajna,374506,ambient
Dead Can Dance,The Sisters of Mercy,374506,ambient
Dead Can Dance,Clan of Xymox,374506,ambient
Death in Vegas,Primal Scream,533624,electronic
Death in Vegas,UNKLE,533624,electronic
Death in Vegas,We Fell To Earth,533624,electronic
Death in Vegas,Leftfield,533624,electronic
Death in Vegas,DJ Shadow,533624,electronic
Death in Vegas,Orbital,533624,electronic
Death in Vegas,Archive,533624,electronic
Death in Vegas,Underworld,533624,electronic
Death in Vegas,Fluke,533624,electronic
Death in Vegas,Ian Brown,533624,electronic
Death in Vegas,Lo Fidelity Allstars,533624,electronic
Death in Vegas,The Chemical Brothers,533624,electronic
Death in Vegas,Kid Loco,533624,electronic
Death in Vegas,Red Snapper,533624,electronic
Death in Vegas,Propellerheads,533624,electronic
Death in Vegas,Spiritualized,533624,electronic
Death in Vegas,Coldcut,533624,electronic
Death in Vegas,The Herbaliser,533624,electronic
Death in Vegas,The Future Sound of London,533624,electronic
Death in Vegas,The House of Love,533624,electronic
Depeche Mode,Dave Gahan,2140166,electronic
Depeche Mode,Martin L. Gore,2140166,electronic
Depeche Mode,Recoil,2140166,electronic
Depeche Mode,Camouflage,2140166,electronic
Depeche Mode,Soulsavers,2140166,electronic
Depeche Mode,Nitzer Ebb,2140166,electronic
Depeche Mode,De/Vision,2140166,electronic
Depeche Mode,Erasure,2140166,electronic
Depeche Mode,And One,2140166,electronic
Depeche Mode,The Cure,2140166,electronic
Depeche Mode,Mesh,2140166,electronic
Depeche Mode,New Order,2140166,electronic
Depeche Mode,Duran Duran,2140166,electronic
Depeche Mode,Ultravox,2140166,electronic
Depeche Mode,Yazoo,2140166,electronic
Depeche Mode,a-ha,2140166,electronic
Depeche Mode,Alphaville,2140166,electronic
Depeche Mode,Front 242,2140166,electronic
Depeche Mode,Kraftwerk,2140166,electronic
Depeche Mode,Pet Shop Boys,2140166,electronic
De-Phazz,Jazzamor,523764,lounge
De-Phazz,Gabin,523764,lounge
De-Phazz,Mo' Horizons,523764,lounge
De-Phazz,Club des Belugas,523764,lounge
De-Phazz,Jojo Effect,523764,lounge
De-Phazz,Waldeck,523764,lounge
De-Phazz,DZihan & Kamien,523764,lounge
De-Phazz,Tape Five,523764,lounge
De-Phazz,Boozoo Bajou,523764,lounge
De-Phazz,Minus 8,523764,lounge
De-Phazz,Tosca,523764,lounge
De-Phazz,Audio Lotion,523764,lounge
De-Phazz,Afterlife,523764,lounge
De-Phazz,Zimpala,523764,lounge
De-Phazz,Morcheeba,523764,lounge
De-Phazz,[re:jazz],523764,lounge
De-Phazz,Lemongrass,523764,lounge
De-Phazz,Llorca,523764,lounge
De-Phazz,Micatone,523764,lounge
De-Phazz,S-Tone Inc.,523764,lounge
DJ Shadow,DJ Shadow & Cut Chemist,1005601,trip-hop
DJ Shadow,dj shadow & dan the automator,1005601,trip-hop
DJ Shadow,DJ Krush,1005601,trip-hop
DJ Shadow,UNKLE,1005601,trip-hop
DJ Shadow,Cut Chemist,1005601,trip-hop
DJ Shadow,DJ Cam,1005601,trip-hop
DJ Shadow,RJD2,1005601,trip-hop
DJ Shadow,Kid Koala,1005601,trip-hop
DJ Shadow,Amon Tobin,1005601,trip-hop
DJ Shadow,DJ Food,1005601,trip-hop
DJ Shadow,Blockhead,1005601,trip-hop
DJ Shadow,The Herbaliser,1005601,trip-hop
DJ Shadow,DJ Vadim,1005601,trip-hop
DJ Shadow,Dr. Octagon,1005601,trip-hop
DJ Shadow,Mr. Scruff,1005601,trip-hop
DJ Shadow,Coldcut,1005601,trip-hop
DJ Shadow,Nightmares on Wax,1005601,trip-hop
DJ Shadow,Mix Master Mike,1005601,trip-hop
DJ Shadow,Bonobo,1005601,trip-hop
DJ Shadow,DJ Krush & Toshinori Kondo,1005601,trip-hop
Elastica,Sleeper,321828,britpop
Elastica,Blur,321828,britpop
Elastica,Echobelly,321828,britpop
Elastica,Graham Coxon,321828,britpop
Elastica,Suede,321828,britpop
Elastica,Kenickie,321828,britpop
Elastica,Veruca Salt,321828,britpop
Elastica,Menswear,321828,britpop
Elastica,Lush,321828,britpop
Elastica,Belly,321828,britpop
Elastica,Pulp,321828,britpop
Elastica,The Breeders,321828,britpop
Elastica,Mansun,321828,britpop
Elastica,The Long Blondes,321828,britpop
Elastica,The Charlatans,321828,britpop
Elastica,Supergrass,321828,britpop
Elastica,Throwing Muses,321828,britpop
Elastica,Jarvis Cocker,321828,britpop
Elastica,Luscious Jackson,321828,britpop
Elastica,Manic Street Preachers,321828,britpop
Elizabeth Fraser,Cocteau Twins,25091,female vocalists
Elizabeth Fraser,Ben Del Maestro,25091,female vocalists
Elizabeth Fraser,Violet Indiana,25091,female vocalists
Elizabeth Fraser,Robin Guthrie,25091,female vocalists
Elizabeth Fraser,London Oratory School Scholars/London Philharmonic Orchestra/London Voices,25091,female vocalists
Elizabeth Fraser,This Mortal Coil,25091,female vocalists
Elizabeth Fraser,Isabel Bayrakdarian,25091,female vocalists
Elizabeth Fraser,The Wolfgang Press,25091,female vocalists
Elizabeth Fraser,Jeff Buckley & Elizabeth Fraser,25091,female vocalists
Elizabeth Fraser,Billy Boyd,25091,female vocalists
Elizabeth Fraser,Dif Juz,25091,female vocalists
Elizabeth Fraser,"Harold Budd, Simon Raymonde, Robin Guthrie & Elizabeth Fraser",25091,female vocalists
Elizabeth Fraser,The Creatures,25091,female vocalists
Elizabeth Fraser,Billy Boyd/London Oratory School Scholars/London Philharmonic Orchestra/London Voices,25091,female vocalists
Elizabeth Fraser,London Oratory School Scholars,25091,female vocalists
Elizabeth Fraser,Bel Canto,25091,female vocalists
Elizabeth Fraser,James Galway/London Oratory School Scholars/London Philharmonic Orchestra/London Voices,25091,female vocalists
Elizabeth Fraser,Sheila Chandra,25091,female vocalists
Elizabeth Fraser,Siouxsie and the Banshees,25091,female vocalists
Elizabeth Fraser,London Oratory School Scholars/London Philharmonic Orchestra/London Voices/Renée Fleming,25091,female vocalists
Extrawelt,Max Cooper,161294,minimal
Extrawelt,Dominik Eulberg,161294,minimal
Extrawelt,Kollektiv Turmstrasse,161294,minimal
Extrawelt,Stephan Bodzin,161294,minimal
Extrawelt,Oliver Huntemann,161294,minimal
Extrawelt,Midimiliz,161294,minimal
Extrawelt,Minilogue,161294,minimal
Extrawelt,Boris Brejcha,161294,minimal
Extrawelt,Gregor Tresher,161294,minimal
Extrawelt,Fairmont,161294,minimal
Extrawelt,Marek Hemmann,161294,minimal
Extrawelt,Stimming,161294,minimal
Extrawelt,Super Flu,161294,minimal
Extrawelt,Microtrauma,161294,minimal
Extrawelt,Format:B,161294,minimal
Extrawelt,Sascha Funke,161294,minimal
Extrawelt,Marc Romboy vs. Stephan Bodzin,161294,minimal
Extrawelt,Ricardo Tobar,161294,minimal
Extrawelt,Einmusik,161294,minimal
Extrawelt,Pig & Dan,161294,minimal
Fields of the Nephilim,The Nefilim,120973,Gothic Rock
Fields of the Nephilim,NFD,120973,Gothic Rock
Fields of the Nephilim,The Mission,120973,Gothic Rock
Fields of the Nephilim,The Sisters of Mercy,120973,Gothic Rock
Fields of the Nephilim,The Eden House,120973,Gothic Rock
Fields of the Nephilim,Love Like Blood,120973,Gothic Rock
Fields of the Nephilim,Garden of Delight,120973,Gothic Rock
Fields of the Nephilim,The Merry Thoughts,120973,Gothic Rock
Fields of the Nephilim,Clan of Xymox,120973,Gothic Rock
Fields of the Nephilim,Rosetta Stone,120973,Gothic Rock
Fields of the Nephilim,Merciful Nuns,120973,Gothic Rock
Fields of the Nephilim,Christian Death,120973,Gothic Rock
Fields of the Nephilim,Last Rites,120973,Gothic Rock
Fields of the Nephilim,The Sisterhood,120973,Gothic Rock
Fields of the Nephilim,Faith and the Muse,120973,Gothic Rock
Fields of the Nephilim,Nosferatu,120973,Gothic Rock
Fields of the Nephilim,The House Of Usher,120973,Gothic Rock
Fields of the Nephilim,New Model Army,120973,Gothic Rock
Fields of the Nephilim,Red Lorry Yellow Lorry,120973,Gothic Rock
Fields of the Nephilim,London After Midnight,120973,Gothic Rock
Fluke,2 Bit Pie,382585,electronic
Fluke,Overseer,382585,electronic
Fluke,Leftfield,382585,electronic
Fluke,The Crystal Method,382585,electronic
Fluke,Orbital,382585,electronic
Fluke,Junkie XL,382585,electronic
Fluke,Underworld,382585,electronic
Fluke,Apollo 440,382585,electronic
Fluke,Syntax,382585,electronic
Fluke,Andy Hunter°,382585,electronic
Fluke,Lunatic Calm,382585,electronic
Fluke,Juno Reactor,382585,electronic
Fluke,Lionrock,382585,electronic
Fluke,Bentley Rhythm Ace,382585,electronic
Fluke,Cirrus,382585,electronic
Fluke,Hybrid,382585,electronic
Fluke,The Future Sound of London,382585,electronic
Fluke,Elite Force,382585,electronic
Fluke,The Chemical Brothers,382585,electronic
Fluke,Propellerheads,382585,electronic
Flying Lotus,Teebs,416219,electronic
Flying Lotus,FLYamSAM,416219,electronic
Flying Lotus,Samiyam,416219,electronic
Flying Lotus,The Gaslamp Killer,416219,electronic
Flying Lotus,Flying Lotus & Declaime,416219,electronic
Flying Lotus,Shlohmo,416219,electronic
Flying Lotus,Thundercat,416219,electronic
Flying Lotus,TNGHT,416219,electronic
Flying Lotus,J Dilla,416219,electronic
Flying Lotus,Lapalux,416219,electronic
Flying Lotus,Madvillain,416219,electronic
Flying Lotus,Jeremiah Jae,416219,electronic
Flying Lotus,TOKiMONSTA,416219,electronic
Flying Lotus,Nosaj Thing,416219,electronic
Flying Lotus,JJ DOOM,416219,electronic
Flying Lotus,Death Grips,416219,electronic
Flying Lotus,Actress,416219,electronic
Flying Lotus,Captain Murphy,416219,electronic
Flying Lotus,Clams Casino,416219,electronic
Flying Lotus,Hudson Mohawke,416219,electronic
Gonjasufi,Sumach,83933,experimental
Gonjasufi,The Gaslamp Killer,83933,experimental
Gonjasufi,Flying Lotus,83933,experimental
Gonjasufi,King Midas Sound,83933,experimental
Gonjasufi,Teebs,83933,experimental
Gonjasufi,Shabazz Palaces,83933,experimental
Gonjasufi,Ras G,83933,experimental
Gonjasufi,Shlohmo,83933,experimental
Gonjasufi,Samiyam,83933,experimental
Gonjasufi,Actress,83933,experimental
Gonjasufi,Jeremiah Jae,83933,experimental
Gonjasufi,Thundercat,83933,experimental
Gonjasufi,Lapalux,83933,experimental
Gonjasufi,MRR-ADM,83933,experimental
Gonjasufi,Death Grips,83933,experimental
Gonjasufi,Dimlite,83933,experimental
Gonjasufi,Hudson Mohawke,83933,experimental
Gonjasufi,The Bug,83933,experimental
Gonjasufi,Jonwayne,83933,experimental
Gonjasufi,Leila,83933,experimental
Ibrahim Ferrer,Omara Portuondo,213451,cuban
Ibrahim Ferrer,Rubén González,213451,cuban
Ibrahim Ferrer,Afro Cuban All Stars,213451,cuban
Ibrahim Ferrer,Eliades Ochoa,213451,cuban
Ibrahim Ferrer,Soneros De Verdad,213451,cuban
Ibrahim Ferrer,Manuel Guajiro Mirabal,213451,cuban
Ibrahim Ferrer,Compay Segundo,213451,cuban
Ibrahim Ferrer,Buena Vista Social Club,213451,cuban
Ibrahim Ferrer,Ibrahim Ferrer Con Los Bocucos,213451,cuban
Ibrahim Ferrer,Barbarito Torres,213451,cuban
Ibrahim Ferrer,Cachao,213451,cuban
Ibrahim Ferrer,Sierra Maestra,213451,cuban
Ibrahim Ferrer,Ry Cooder & Manuel Galbán,213451,cuban
Ibrahim Ferrer,Beny Moré,213451,cuban
Ibrahim Ferrer,Celia Cruz,213451,cuban
Ibrahim Ferrer,Ibrahim Ferrer con Chepin y su Orquesta Oriental,213451,cuban
Ibrahim Ferrer,Orquesta Aragón,213451,cuban
Ibrahim Ferrer,Cesária Évora,213451,cuban
Ibrahim Ferrer,Ibrahim Ferrer & Omara Portuondo,213451,cuban
Ibrahim Ferrer,Bebo Valdés,213451,cuban
Isihia,Kayno Yesno Slonce,2619,bulgarian
Isihia,Балканджи,2619,bulgarian
Isihia,Исихия,2619,bulgarian
Isihia,Irfan,2619,bulgarian
Isihia,Smallman,2619,bulgarian
Isihia,Milena,2619,bulgarian
Isihia,Нова Генерация,2619,bulgarian
Isihia,P.I.F.,2619,bulgarian
Isihia,Епизод,2619,bulgarian
Isihia,Hipodil,2619,bulgarian
Isihia,Kottarashky,2619,bulgarian
Isihia,Ревю,2619,bulgarian
Isihia,Rajna,2619,bulgarian
Isihia,Upsurt,2619,bulgarian
Isihia,Azam Ali,2619,bulgarian
Isihia,Vas,2619,bulgarian
Isihia,Lot Lorien,2619,bulgarian
Isihia,Daemonia Nymphe,2619,bulgarian
Isihia,Moon Far Away,2619,bulgarian
Isihia,Bulgara,2619,bulgarian
Jarvis Cocker,Pulp,211461,britpop
Jarvis Cocker,Relaxed Muscle,211461,britpop
Jarvis Cocker,Graham Coxon,211461,britpop
Jarvis Cocker,Suede,211461,britpop
Jarvis Cocker,Richard Hawley,211461,britpop
Jarvis Cocker,The Divine Comedy,211461,britpop
Jarvis Cocker,The Tears,211461,britpop
Jarvis Cocker,Brett Anderson,211461,britpop
Jarvis Cocker,Elastica,211461,britpop
Jarvis Cocker,Blur,211461,britpop
Jarvis Cocker,Supergrass,211461,britpop
Jarvis Cocker,Morrissey,211461,britpop
Jarvis Cocker,Super Furry Animals,211461,britpop
Jarvis Cocker,James,211461,britpop
Jarvis Cocker,Manic Street Preachers,211461,britpop
Jarvis Cocker,Damon Albarn,211461,britpop
Jarvis Cocker,Sleeper,211461,britpop
Jarvis Cocker,The Long Blondes,211461,britpop
Jarvis Cocker,British Sea Power,211461,britpop
Jarvis Cocker,Ian Brown,211461,britpop
Koop,Nicola Conte,581878,jazz
Koop,Hird,581878,jazz
Koop,Nouvelle Vague,581878,jazz
Koop,Waldeck,581878,jazz
Koop,Jazzanova,581878,jazz
Koop,Tosca,581878,jazz
Koop,[re:jazz],581878,jazz
Koop,Nuspirit Helsinki,581878,jazz
Koop,Gotan Project,581878,jazz
Koop,De-Phazz,581878,jazz
Koop,Metropolitan Jazz Affair,581878,jazz
Koop,Kyoto Jazz Massive,581878,jazz
Koop,Gabin,581878,jazz
Koop,Minus 8,581878,jazz
Koop,Koop feat. Yukimi Nagano,581878,jazz
Koop,Télépopmusik,581878,jazz
Koop,Club des Belugas,581878,jazz
Koop,Thievery Corporation,581878,jazz
Koop,Micatone,581878,jazz
Koop,The Cinematic Orchestra,581878,jazz
Kruder & Dorfmeister,Tosca,516779,electronic
Kruder & Dorfmeister,Peace Orchestra,516779,electronic
Kruder & Dorfmeister,Count Basic,516779,electronic
Kruder & Dorfmeister,Peter Kruder,516779,electronic
Kruder & Dorfmeister,DZihan & Kamien,516779,electronic
Kruder & Dorfmeister,Nightmares on Wax,516779,electronic
Kruder & Dorfmeister,DJ Unknown Face,516779,electronic
Kruder & Dorfmeister,Boozoo Bajou,516779,electronic
Kruder & Dorfmeister,Sofa Surfers,516779,electronic
Kruder & Dorfmeister,Dead Calm,516779,electronic
Kruder & Dorfmeister,Voom Voom,516779,electronic
Kruder & Dorfmeister,Fila Brazillia,516779,electronic
Kruder & Dorfmeister,Rockers Hi-Fi,516779,electronic
Kruder & Dorfmeister,Thievery Corporation,516779,electronic
Kruder & Dorfmeister,Skanna,516779,electronic
Kruder & Dorfmeister,LTJ Bukem,516779,electronic
Kruder & Dorfmeister,Hunch,516779,electronic
Kruder & Dorfmeister,Kid Loco,516779,electronic
Kruder & Dorfmeister,DJ Cam,516779,electronic
Kruder & Dorfmeister,Jon Kennedy,516779,electronic
Lamb,Lou Rhodes,935467,trip-hop
Lamb,Hooverphonic,935467,trip-hop
Lamb,Tricky,935467,trip-hop
Lamb,Melaaz,935467,trip-hop
Lamb,Flunk,935467,trip-hop
Lamb,Massive Attack,935467,trip-hop
Lamb,UNKLE,935467,trip-hop
Lamb,Archive,935467,trip-hop
Lamb,Halou,935467,trip-hop
Lamb,Moloko,935467,trip-hop
Lamb,Martina Topley-Bird,935467,trip-hop
Lamb,Portishead,935467,trip-hop
Lamb,Mandalay,935467,trip-hop
Lamb,Pati Yang,935467,trip-hop
Lamb,Laika,935467,trip-hop
Lamb,Drome,935467,trip-hop
Lamb,Morcheeba,935467,trip-hop
Lamb,Smoke City,935467,trip-hop
Lamb,Sneaker Pimps,935467,trip-hop
Lamb,Kosheen,935467,trip-hop
Leftfield,Fluke,612583,electronic
Leftfield,Orbital,612583,electronic
Leftfield,Underworld,612583,electronic
Leftfield,The Orb,612583,electronic
Leftfield,808 State,612583,electronic
Leftfield,The Chemical Brothers,612583,electronic
Leftfield,Apollo 440,612583,electronic
Leftfield,Propellerheads,612583,electronic
Leftfield,The Crystal Method,612583,electronic
Leftfield,The Future Sound of London,612583,electronic
Leftfield,Faithless,612583,electronic
Leftfield,Way Out West,612583,electronic
Leftfield,Dreadzone,612583,electronic
Leftfield,Layo & Bushwacka!,612583,electronic
Leftfield,The Shamen,612583,electronic
Leftfield,Hybrid,612583,electronic
Leftfield,Banco De Gaia,612583,electronic
Leftfield,Groove Armada,612583,electronic
Leftfield,Lemon Jelly,612583,electronic
Leftfield,Bentley Rhythm Ace,612583,electronic
Les Hommes,Plastic Records,56710,lounge
Les Hommes,Seks Bomba,56710,lounge
Les Hommes,Jan Des Bouvrie,56710,lounge
Les Hommes,Nicola Conte,56710,lounge
Les Hommes,Gerardo Frisina,56710,lounge
Les Hommes,"Kalyanji, Anandji",56710,lounge
Les Hommes,Soulstance,56710,lounge
Les Hommes,Sam Paglia,56710,lounge
Les Hommes,Stereophonic Space Sound Unlimited,56710,lounge
Les Hommes,S-Tone Inc.,56710,lounge
Les Hommes,Italian Secret Service,56710,lounge
Les Hommes,Gert Wilden & Orchestra,56710,lounge
Les Hommes,Sg Sound,56710,lounge
Les Hommes,Spacer,56710,lounge
Les Hommes,Edwin Astley,56710,lounge
Les Hommes,Gazzara,56710,lounge
Les Hommes,Rosalia de Souza,56710,lounge
Les Hommes,Emphasis,56710,lounge
Les Hommes,Piero Piccioni,56710,lounge
Les Hommes,Chris Joss,56710,lounge
LFO,Autechre,221808,electronic
LFO,808 State,221808,electronic
LFO,Polygon Window,221808,electronic
LFO,Plaid,221808,electronic
LFO,Sweet Exorcist,221808,electronic
LFO,B12,221808,electronic
LFO,Luke Vibert,221808,electronic
LFO,µ-Ziq,221808,electronic
LFO,Ceephax Acid Crew,221808,electronic
LFO,The Black Dog,221808,electronic
LFO,AFX,221808,electronic
LFO,F.U.S.E.,221808,electronic
LFO,Squarepusher,221808,electronic
LFO,Gescom,221808,electronic
LFO,Balil,221808,electronic
LFO,The Tuss,221808,electronic
LFO,Drexciya,221808,electronic
LFO,Speedy J,221808,electronic
LFO,Cylob,221808,electronic
LFO,Altern 8,221808,electronic
Lisa Gerrard,Lisa Gerrard & Pieter Bourke,242449,ethereal
Lisa Gerrard,Lisa Gerrard & Patrick Cassidy,242449,ethereal
Lisa Gerrard,Lisa Gerrard & Jeff Rona,242449,ethereal
Lisa Gerrard,Dead Can Dance,242449,ethereal
Lisa Gerrard,Brendan Perry,242449,ethereal
Lisa Gerrard,Lisa Gerrard & Marcello De Francisci,242449,ethereal
Lisa Gerrard,Klaus Schulze & Lisa Gerrard,242449,ethereal
Lisa Gerrard,Irfan,242449,ethereal
Lisa Gerrard,Vas,242449,ethereal
Lisa Gerrard,Arcana,242449,ethereal
Lisa Gerrard,Rajna,242449,ethereal
Lisa Gerrard,Love Is Colder Than Death,242449,ethereal
Lisa Gerrard,This Mortal Coil,242449,ethereal
Lisa Gerrard,Azam Ali,242449,ethereal
Lisa Gerrard,Stellamara,242449,ethereal
Lisa Gerrard,Black Tape for a Blue Girl,242449,ethereal
Lisa Gerrard,Ataraxia,242449,ethereal
Lisa Gerrard,Daemonia Nymphe,242449,ethereal
Lisa Gerrard,Miranda Sex Garden,242449,ethereal
Lisa Gerrard,Qntal,242449,ethereal
M83,The Naked and Famous,1226036,electronic
M83,Washed Out,1226036,electronic
M83,Sigur Rós,1226036,electronic
M83,Neon Indian,1226036,electronic
M83,Tycho,1226036,electronic
M83,Fires Of Rome,1226036,electronic
M83,Active Child,1226036,electronic
M83,Cut Copy,1226036,electronic
M83,Explosions in the Sky,1226036,electronic
M83,Passion Pit,1226036,electronic
M83,The Album Leaf,1226036,electronic
M83,Miike Snow,1226036,electronic
M83,Apparat,1226036,electronic
M83,I Break Horses,1226036,electronic
M83,The Antlers,1226036,electronic
M83,Beach House,1226036,electronic
M83,Yeasayer,1226036,electronic
M83,The xx,1226036,electronic
M83,Crystal Castles,1226036,electronic
M83,Röyksopp,1226036,electronic
Manic Street Preachers,James Dean Bradfield,874265,rock
Manic Street Preachers,Nicky Wire,874265,rock
Manic Street Preachers,Suede,874265,rock
Manic Street Preachers,Mansun,874265,rock
Manic Street Preachers,Ash,874265,rock
Manic Street Preachers,McCarthy,874265,rock
Manic Street Preachers,Pulp,874265,rock
Manic Street Preachers,British Sea Power,874265,rock
Manic Street Preachers,Blur,874265,rock
Manic Street Preachers,Super Furry Animals,874265,rock
Manic Street Preachers,Brett Anderson,874265,rock
Manic Street Preachers,The Tears,874265,rock
Manic Street Preachers,Catatonia,874265,rock
Manic Street Preachers,The Charlatans,874265,rock
Manic Street Preachers,Supergrass,874265,rock
Manic Street Preachers,Bernard Butler,874265,rock
Manic Street Preachers,The Horrors,874265,rock
Manic Street Preachers,Ocean Colour Scene,874265,rock
Manic Street Preachers,JJ72,874265,rock
Manic Street Preachers,Primal Scream,874265,rock
Massive Attack,Tricky,2106153,trip-hop
Massive Attack,Portishead,2106153,trip-hop
Massive Attack,Morcheeba,2106153,trip-hop
Massive Attack,Archive,2106153,trip-hop
Massive Attack,UNKLE,2106153,trip-hop
Massive Attack,Hooverphonic,2106153,trip-hop
Massive Attack,Lamb,2106153,trip-hop
Massive Attack,Massive Attack vs. Mad Professor,2106153,trip-hop
Massive Attack,Martina Topley-Bird,2106153,trip-hop
Massive Attack,Thievery Corporation,2106153,trip-hop
Massive Attack,Moby,2106153,trip-hop
Massive Attack,Bonobo,2106153,trip-hop
Massive Attack,Sneaker Pimps,2106153,trip-hop
Massive Attack,Beth Gibbons & Rustin Man,2106153,trip-hop
Massive Attack,Moloko,2106153,trip-hop
Massive Attack,The Chemical Brothers,2106153,trip-hop
Massive Attack,Air,2106153,trip-hop
Massive Attack,Kosheen,2106153,trip-hop
Massive Attack,Faithless,2106153,trip-hop
Massive Attack,Röyksopp,2106153,trip-hop
Mercan Dede,Orient Expressions,79216,turkish
Mercan Dede,Omar Faruk Tekbilek,79216,turkish
Mercan Dede,Göksel Baktagir,79216,turkish
Mercan Dede,Taksim Trio,79216,turkish
Mercan Dede,Baba Zula,79216,turkish
Mercan Dede,Niyaz,79216,turkish
Mercan Dede,Yansımalar,79216,turkish
Mercan Dede,Vas,79216,turkish
Mercan Dede,Azam Ali,79216,turkish
Mercan Dede,Dhafer Youssef,79216,turkish
Mercan Dede,Erkan Oğur,79216,turkish
Mercan Dede,Ceza,79216,turkish
Mercan Dede,Burhan Öçal,79216,turkish
Mercan Dede,Sezen Aksu,79216,turkish
Mercan Dede,Le Trio Joubran,79216,turkish
Mercan Dede,Replikas,79216,turkish
Mercan Dede,İncesaz,79216,turkish
Mercan Dede,Axiom Of Choice,79216,turkish
Mercan Dede,Hayko Cepkin,79216,turkish
Mercan Dede,Hüsnü Şenlendirici,79216,turkish
Mizar,ARHANGEL,4081,darkwave
Mizar,Anastasia,4081,darkwave
Mizar,Foltin,4081,darkwave
Mizar,Kismet,4081,darkwave
Mizar,Bernays Propaganda,4081,darkwave
Mizar,Sanatorium,4081,darkwave
Mizar,PMG Kolektiv,4081,darkwave
Mizar,Darkwood Dub,4081,darkwave
Mizar,Leb i Sol,4081,darkwave
Mizar,Block Out,4081,darkwave
Mizar,Superhiks,4081,darkwave
Mizar,Bei The Fish,4081,darkwave
Mizar,String Forces,4081,darkwave
Mizar,Dobri Isak,4081,darkwave
Mizar,EKV,4081,darkwave
Mizar,Goribor,4081,darkwave
Mizar,verka,4081,darkwave
Mizar,Paraf,4081,darkwave
Mizar,Last Expedition,4081,darkwave
Mizar,Padot na Vizantija,4081,darkwave
Mouse on Mars,Von Südenfed,177224,electronic
Mouse on Mars,Matmos,177224,electronic
Mouse on Mars,Squarepusher,177224,electronic
Mouse on Mars,To Rococo Rot,177224,electronic
Mouse on Mars,µ-Ziq,177224,electronic
Mouse on Mars,Oval,177224,electronic
Mouse on Mars,Autechre,177224,electronic
Mouse on Mars,Microstoria,177224,electronic
Mouse on Mars,Plaid,177224,electronic
Mouse on Mars,Atom™,177224,electronic
Mouse on Mars,Clark,177224,electronic
Mouse on Mars,Gescom,177224,electronic
Mouse on Mars,Seefeel,177224,electronic
Mouse on Mars,Lithops,177224,electronic
Mouse on Mars,Two Lone Swordsmen,177224,electronic
Mouse on Mars,Luke Vibert,177224,electronic
Mouse on Mars,Monolake,177224,electronic
Mouse on Mars,Pole,177224,electronic
Mouse on Mars,Chris Clark,177224,electronic
Mouse on Mars,Funkstörung,177224,electronic
Nasekomix,Bluba Lu,2170,alternative
Nasekomix,Kottarashky,2170,alternative
Nasekomix,Нова Генерация,2170,alternative
Nasekomix,Milenita,2170,alternative
Nasekomix,Ostava,2170,alternative
Nasekomix,P.I.F.,2170,alternative
Nasekomix,Ревю,2170,alternative
Nasekomix,Остава,2170,alternative
Nasekomix,Стефан Вълдобрев,2170,alternative
Nasekomix,OCTABA,2170,alternative
Nasekomix,Уикеда,2170,alternative
Nasekomix,Smallman,2170,alternative
Nasekomix,Клас,2170,alternative
Nasekomix,Тангра,2170,alternative
Nasekomix,Kayno Yesno Slonce,2170,alternative
Nasekomix,Wickeda,2170,alternative
Nasekomix,Beloslava,2170,alternative
Nasekomix,Белослава,2170,alternative
Nasekomix,Stenli,2170,alternative
Nasekomix,Gravity Co.,2170,alternative
Nick Cave,Nick Cave and the Bad Seeds,325961,rock
Nick Cave,Nick Cave & Warren Ellis,325961,rock
Nick Cave,Grinderman,325961,rock
Nick Cave,Anita Lane,325961,rock
Nick Cave,The Birthday Party,325961,rock
Nick Cave,The Boys Next Door,325961,rock
Nick Cave,Mick Harvey,325961,rock
Nick Cave,Leonard Cohen,325961,rock
Nick Cave,Tindersticks,325961,rock
Nick Cave,Tom Waits,325961,rock
Nick Cave,Einstürzende Neubauten,325961,rock
Nick Cave,Dirty Three,325961,rock
Nick Cave,Rowland S. Howard,325961,rock
Nick Cave,Crime & the City Solution,325961,rock
Nick Cave,Woven Hand,325961,rock
Nick Cave,Tom Waits & Crystal Gayle,325961,rock
Nick Cave,Nick Cave & Anita Lane,325961,rock
Nick Cave,16 Horsepower,325961,rock
Nick Cave,Nick Cave & Shane MacGowan,325961,rock
Nick Cave,Blixa Bargeld,325961,rock
Nick Cave and the Bad Seeds,Grinderman,923509,rock
Nick Cave and the Bad Seeds,The Birthday Party,923509,rock
Nick Cave and the Bad Seeds,Nick Cave,923509,rock
Nick Cave and the Bad Seeds,Einstürzende Neubauten,923509,rock
Nick Cave and the Bad Seeds,Nick Cave & Warren Ellis,923509,rock
Nick Cave and the Bad Seeds,The Boys Next Door,923509,rock
Nick Cave and the Bad Seeds,Mick Harvey,923509,rock
Nick Cave and the Bad Seeds,Tom Waits,923509,rock
Nick Cave and the Bad Seeds,Crime & the City Solution,923509,rock
Nick Cave and the Bad Seeds,Anita Lane,923509,rock
Nick Cave and the Bad Seeds,PJ Harvey,923509,rock
Nick Cave and the Bad Seeds,Rowland S. Howard,923509,rock
Nick Cave and the Bad Seeds,Dirty Three,923509,rock
Nick Cave and the Bad Seeds,John Parish and Polly Jean Harvey,923509,rock
Nick Cave and the Bad Seeds,These Immortal Souls,923509,rock
Nick Cave and the Bad Seeds,Leonard Cohen,923509,rock
Nick Cave and the Bad Seeds,Bauhaus,923509,rock
Nick Cave and the Bad Seeds,Swans,923509,rock
Nick Cave and the Bad Seeds,David Bowie,923509,rock
Nick Cave and the Bad Seeds,Iggy Pop,923509,rock
Nicola Conte,Gerardo Frisina,320083,jazz
Nicola Conte,Rosalia de Souza,320083,jazz
Nicola Conte,Les Hommes,320083,jazz
Nicola Conte,Metropolitan Jazz Affair,320083,jazz
Nicola Conte,Povo,320083,jazz
Nicola Conte,[re:jazz],320083,jazz
Nicola Conte,S-Tone Inc.,320083,jazz
Nicola Conte,The Five Corners Quintet,320083,jazz
Nicola Conte,Soulstance,320083,jazz
Nicola Conte,Koop,320083,jazz
Nicola Conte,Mo' Horizons,320083,jazz
Nicola Conte,Nuspirit Helsinki,320083,jazz
Nicola Conte,Kyoto Jazz Massive,320083,jazz
Nicola Conte,Tenorio JR,320083,jazz
Nicola Conte,Mario Biondi,320083,jazz
Nicola Conte,Minus 8,320083,jazz
Nicola Conte,The Dining Rooms,320083,jazz
Nicola Conte,Sabrina Malheiros,320083,jazz
Nicola Conte,Jazzanova,320083,jazz
Nicola Conte,José James,320083,jazz
Nightmares on Wax,Tosca,679327,trip-hop
Nightmares on Wax,Boozoo Bajou,679327,trip-hop
Nightmares on Wax,Deadbeats,679327,trip-hop
Nightmares on Wax,GELKA,679327,trip-hop
Nightmares on Wax,Kruder & Dorfmeister,679327,trip-hop
Nightmares on Wax,Negghead,679327,trip-hop
Nightmares on Wax,Thievery Corporation,679327,trip-hop
Nightmares on Wax,Aim,679327,trip-hop
Nightmares on Wax,Mr. Scruff,679327,trip-hop
Nightmares on Wax,Quantic,679327,trip-hop
Nightmares on Wax,The Herbaliser,679327,trip-hop
Nightmares on Wax,Mo' Horizons,679327,trip-hop
Nightmares on Wax,9 Lazy 9,679327,trip-hop
Nightmares on Wax,Fila Brazillia,679327,trip-hop
Nightmares on Wax,Jon Kennedy,679327,trip-hop
Nightmares on Wax,Peace Orchestra,679327,trip-hop
Nightmares on Wax,Bonobo,679327,trip-hop
Nightmares on Wax,TM Juke,679327,trip-hop
Nightmares on Wax,Mark Farina,679327,trip-hop
Nightmares on Wax,Blockhead,679327,trip-hop
Nouvelle Vague,Mélanie Pain,817796,Bossa Nova
Nouvelle Vague,"Hollywood, Mon Amour",817796,Bossa Nova
Nouvelle Vague,Philippe Sarde,817796,Bossa Nova
Nouvelle Vague,Michel Colombier,817796,Bossa Nova
Nouvelle Vague,Koop,817796,Bossa Nova
Nouvelle Vague,Marc Collin,817796,Bossa Nova
Nouvelle Vague,Les Petroleuses,817796,Bossa Nova
Nouvelle Vague,Avril,817796,Bossa Nova
Nouvelle Vague,Armando Trovaioli,817796,Bossa Nova
Nouvelle Vague,Phoebe Killdeer,817796,Bossa Nova
Nouvelle Vague,David Shrigley,817796,Bossa Nova
Nouvelle Vague,Eric Demarsan,817796,Bossa Nova
Nouvelle Vague,Gato Barbieri,817796,Bossa Nova
Nouvelle Vague,Morcheeba,817796,Bossa Nova
Nouvelle Vague,Isabelle Antena,817796,Bossa Nova
Nouvelle Vague,Emilíana Torrini,817796,Bossa Nova
Nouvelle Vague,Art Bears,817796,Bossa Nova
Nouvelle Vague,Phoebe Killdeer and the Short Straws,817796,Bossa Nova
Nouvelle Vague,Hindi Zahra,817796,Bossa Nova
Nouvelle Vague,Vladimir Cosma,817796,Bossa Nova
Nusrat Fateh Ali Khan,Rahat Fateh Ali Khan,137872,qawwali
Nusrat Fateh Ali Khan,Nusrat Fateh Ali Khan & Michael Brook,137872,qawwali
Nusrat Fateh Ali Khan,Abida Parveen,137872,qawwali
Nusrat Fateh Ali Khan,Nusrat Fateh Ali Khan & Party,137872,qawwali
Nusrat Fateh Ali Khan,Junoon,137872,qawwali
Nusrat Fateh Ali Khan,Kailash Kher,137872,qawwali
Nusrat Fateh Ali Khan,Jagjit Singh,137872,qawwali
Nusrat Fateh Ali Khan,Lata Mangeshkar,137872,qawwali
Nusrat Fateh Ali Khan,Gaudi + Nusrat Fateh Ali Khan,137872,qawwali
Nusrat Fateh Ali Khan,Mohammed Rafi,137872,qawwali
Nusrat Fateh Ali Khan,Kishore Kumar,137872,qawwali
Nusrat Fateh Ali Khan,Atif Aslam,137872,qawwali
Nusrat Fateh Ali Khan,Sukhwinder Singh,137872,qawwali
Nusrat Fateh Ali Khan,Mehdi Hassan,137872,qawwali
Nusrat Fateh Ali Khan,Shafqat Amanat Ali,137872,qawwali
Nusrat Fateh Ali Khan,Bally Sagoo,137872,qawwali
Nusrat Fateh Ali Khan,Ali Zafar,137872,qawwali
Nusrat Fateh Ali Khan,Pritam,137872,qawwali
Nusrat Fateh Ali Khan,Ghulam Ali,137872,qawwali
Nusrat Fateh Ali Khan,Sonu Nigam,137872,qawwali
Omara Portuondo,Manuel Guajiro Mirabal,149373,cuban
Omara Portuondo,Rubén González,149373,cuban
Omara Portuondo,"Omara Portuondo, Chuco Valdes",149373,cuban
Omara Portuondo,Ibrahim Ferrer,149373,cuban
Omara Portuondo,Eliades Ochoa,149373,cuban
Omara Portuondo,Eliades Ochoa&CompaySegundo,149373,cuban
Omara Portuondo,Compay Segundo,149373,cuban
Omara Portuondo,Buena Vista Social Club,149373,cuban
Omara Portuondo,Beny Moré,149373,cuban
Omara Portuondo,Ibrahím Ferrer,149373,cuban
Omara Portuondo,Barbarito Torres,149373,cuban
Omara Portuondo,Sierra Maestra,149373,cuban
Omara Portuondo,Orquesta Aragón,149373,cuban
Omara Portuondo,Cachao,149373,cuban
Omara Portuondo,Afro Cuban All Stars,149373,cuban
Omara Portuondo,Elíades Ochoa,149373,cuban
Omara Portuondo,Vania Borges,149373,cuban
Omara Portuondo,Bebo Valdés,149373,cuban
Omara Portuondo,Son 14,149373,cuban
Omara Portuondo,Los Van Van,149373,cuban
Orbital,The Orb,674953,electronic
Orbital,Long Range,674953,electronic
Orbital,Underworld,674953,electronic
Orbital,808 State,674953,electronic
Orbital,Paul Hartnoll,674953,electronic
Orbital,Leftfield,674953,electronic
Orbital,The Future Sound of London,674953,electronic
Orbital,Fluke,674953,electronic
Orbital,Meat Beat Manifesto,674953,electronic
Orbital,LFO,674953,electronic
Orbital,Plaid,674953,electronic
Orbital,Hybrid,674953,electronic
Orbital,CJ Bolland,674953,electronic
Orbital,The Chemical Brothers,674953,electronic
Orbital,The Crystal Method,674953,electronic
Orbital,The Sabres of Paradise,674953,electronic
Orbital,Aphex Twin,674953,electronic
Orbital,Photek,674953,electronic
Orbital,System 7,674953,electronic
Orbital,Global Communication,674953,electronic
Orchestra Baobab,Cheikh Lô,106845,african
Orchestra Baobab,Bembeya Jazz National,106845,african
Orchestra Baobab,Boubacar Traoré,106845,african
Orchestra Baobab,Youssou N'Dour,106845,african
Orchestra Baobab,Salif Keita,106845,african
Orchestra Baobab,Oumou Sangare,106845,african
Orchestra Baobab,Vieux Farka Touré,106845,african
Orchestra Baobab,Baaba Maal,106845,african
Orchestra Baobab,Toumani Diabaté,106845,african
Orchestra Baobab,Etoile de Dakar,106845,african
Orchestra Baobab,Toumani Diabaté's Symmetric Orchestra,106845,african
Orchestra Baobab,Ali Farka Touré,106845,african
Orchestra Baobab,Rokia Traoré,106845,african
Orchestra Baobab,Ismaël Lô,106845,african
Orchestra Baobab,Ali Farka Touré & Toumani Diabaté,106845,african
Orchestra Baobab,Staff Benda Bilili,106845,african
Orchestra Baobab,Issa Bagayogo,106845,african
Orchestra Baobab,Djelimady Tounkara,106845,african
Orchestra Baobab,Habib Koité,106845,african
Orchestra Baobab,Afel Bocoum,106845,african
Peace Orchestra,Tosca,263736,downtempo
Peace Orchestra,Kruder & Dorfmeister,263736,downtempo
Peace Orchestra,Sofa Surfers,263736,downtempo
Peace Orchestra,Stereotyp,263736,downtempo
Peace Orchestra,Voom Voom,263736,downtempo
Peace Orchestra,Kruder,263736,downtempo
Peace Orchestra,Rodney Hunter,263736,downtempo
Peace Orchestra,Count Basic,263736,downtempo
Peace Orchestra,Peter Kruder,263736,downtempo
Peace Orchestra,Boozoo Bajou,263736,downtempo
Peace Orchestra,Rockers Hi-Fi,263736,downtempo
Peace Orchestra,A Forest Mighty Black,263736,downtempo
Peace Orchestra,DZihan & Kamien,263736,downtempo
Peace Orchestra,Beanfield,263736,downtempo
Peace Orchestra,Trüby Trio,263736,downtempo
Peace Orchestra,Fila Brazillia,263736,downtempo
Peace Orchestra,Kid Loco,263736,downtempo
Peace Orchestra,Thunderball,263736,downtempo
Peace Orchestra,Urbs,263736,downtempo
Peace Orchestra,Baby Mammoth,263736,downtempo
Pink Martini,China Forbes,409201,jazz
Pink Martini,Paris Combo,409201,jazz
Pink Martini,The Puppini Sisters,409201,jazz
Pink Martini,Gotan Project,409201,jazz
Pink Martini,Madeleine Peyroux,409201,jazz
Pink Martini,Cesária Évora,409201,jazz
Pink Martini,De-Phazz,409201,jazz
Pink Martini,Stacey Kent,409201,jazz
Pink Martini,Club des Belugas,409201,jazz
Pink Martini,Otros Aires,409201,jazz
Pink Martini,Pink Martini & Saori Yuki,409201,jazz
Pink Martini,Melody Gardot,409201,jazz
Pink Martini,Rouge Rouge,409201,jazz
Pink Martini,Diana Krall,409201,jazz
Pink Martini,The Hot Club Of San Francisco,409201,jazz
Pink Martini,Koop,409201,jazz
Pink Martini,Sophie Milman,409201,jazz
Pink Martini,Julie London,409201,jazz
Pink Martini,Bebel Gilberto,409201,jazz
Pink Martini,Federico Aubele,409201,jazz
PJ Harvey,John Parish and Polly Jean Harvey,1208245,female vocalists
PJ Harvey,Tori Amos,1208245,female vocalists
PJ Harvey,Nick Cave and the Bad Seeds,1208245,female vocalists
PJ Harvey,Kate Bush,1208245,female vocalists
PJ Harvey,Cat Power,1208245,female vocalists
PJ Harvey,Patti Smith,1208245,female vocalists
PJ Harvey,Björk,1208245,female vocalists
PJ Harvey,Anna Calvi,1208245,female vocalists
PJ Harvey,Fiona Apple,1208245,female vocalists
PJ Harvey,Sonic Youth,1208245,female vocalists
PJ Harvey,Siouxsie and the Banshees,1208245,female vocalists
PJ Harvey,Gordon Gano,1208245,female vocalists
PJ Harvey,Bat for Lashes,1208245,female vocalists
PJ Harvey,Grinderman,1208245,female vocalists
PJ Harvey,Portishead,1208245,female vocalists
PJ Harvey,Hole,1208245,female vocalists
PJ Harvey,The Kills,1208245,female vocalists
PJ Harvey,Marianne Faithfull,1208245,female vocalists
PJ Harvey,CocoRosie,1208245,female vocalists
PJ Harvey,Nico,1208245,female vocalists
Plaid,Plaid & Bob Jaroc,301297,idm
Plaid,Balil,301297,idm
Plaid,Autechre,301297,idm
Plaid,µ-Ziq,301297,idm
Plaid,Kettel,301297,idm
Plaid,The Black Dog,301297,idm
Plaid,Atypic,301297,idm
Plaid,Ebz,301297,idm
Plaid,Ochre,301297,idm
Plaid,Bola,301297,idm
Plaid,Gescom,301297,idm
Plaid,Clark,301297,idm
Plaid,Squarepusher,301297,idm
Plaid,Luke Vibert,301297,idm
Plaid,Nicolette,301297,idm
Plaid,Jung Collective,301297,idm
Plaid,Arovane,301297,idm
Plaid,Chris Clark,301297,idm
Plaid,Proem,301297,idm
Plaid,Cylob,301297,idm
Portishead,Beth Gibbons & Rustin Man,1735433,trip-hop
Portishead,Massive Attack,1735433,trip-hop
Portishead,Kraftwelt,1735433,trip-hop
Portishead,Tricky,1735433,trip-hop
Portishead,Radiohead,1735433,trip-hop
Portishead,Björk,1735433,trip-hop
Portishead,Lamb,1735433,trip-hop
Portishead,Archive,1735433,trip-hop
Portishead,Thom Yorke,1735433,trip-hop
Portishead,Morcheeba,1735433,trip-hop
Portishead,PJ Harvey,1735433,trip-hop
Portishead,UNKLE,1735433,trip-hop
Portishead,CocoRosie,1735433,trip-hop
Portishead,Hooverphonic,1735433,trip-hop
Portishead,The Knife,1735433,trip-hop
Portishead,Sneaker Pimps,1735433,trip-hop
Portishead,Moloko,1735433,trip-hop
Portishead,Joy Division,1735433,trip-hop
Portishead,Martina Topley-Bird,1735433,trip-hop
Portishead,Air,1735433,trip-hop
Prefuse 73,Delarosa & Asora,368885,electronic
Prefuse 73,Savath & Savalas,368885,electronic
Prefuse 73,Piano Overlord,368885,electronic
Prefuse 73,Daedelus,368885,electronic
Prefuse 73,Dabrye,368885,electronic
Prefuse 73,Caural,368885,electronic
Prefuse 73,RiSIL,368885,electronic
Prefuse 73,Dimlite,368885,electronic
Prefuse 73,Wagon Christ,368885,electronic
Prefuse 73,Chris Clark,368885,electronic
Prefuse 73,Clark,368885,electronic
Prefuse 73,Flying Lotus,368885,electronic
Prefuse 73,Squarepusher,368885,electronic
Prefuse 73,Samiyam,368885,electronic
Prefuse 73,Plaid,368885,electronic
Prefuse 73,Take,368885,electronic
Prefuse 73,Machinedrum,368885,electronic
Prefuse 73,Dorian Concept,368885,electronic
Prefuse 73,Lukid,368885,electronic
Prefuse 73,Ahmad Szabo,368885,electronic
Pulp,Jarvis Cocker,892214,britpop
Pulp,Suede,892214,britpop
Pulp,Relaxed Muscle,892214,britpop
Pulp,Blur,892214,britpop
Pulp,Graham Coxon,892214,britpop
Pulp,Morrissey,892214,britpop
Pulp,Manic Street Preachers,892214,britpop
Pulp,The Divine Comedy,892214,britpop
Pulp,Elastica,892214,britpop
Pulp,The Smiths,892214,britpop
Pulp,Primal Scream,892214,britpop
Pulp,The Horrors,892214,britpop
Pulp,James,892214,britpop
Pulp,Cat's Eyes,892214,britpop
Pulp,The Stone Roses,892214,britpop
Pulp,Brett Anderson,892214,britpop
Pulp,Richard Hawley,892214,britpop
Pulp,The Tears,892214,britpop
Pulp,New Order,892214,britpop
Pulp,The Libertines,892214,britpop
Röyksopp,Klein & MBO,1616734,electronic
Röyksopp,Ginny,1616734,electronic
Röyksopp,The Knife,1616734,electronic
Röyksopp,Harry Thumann,1616734,electronic
Röyksopp,Kasso,1616734,electronic
Röyksopp,Emmanuel Splice,1616734,electronic
Röyksopp,Guy Dalton,1616734,electronic
Röyksopp,Ray Mang & Nathan D'Troit,1616734,electronic
Röyksopp,Mr. Flagio,1616734,electronic
Röyksopp,Air,1616734,electronic
Röyksopp,Moby,1616734,electronic
Röyksopp,Athome Project,1616734,electronic
Röyksopp,jesse g,1616734,electronic
Röyksopp,Valerie Dore,1616734,electronic
Röyksopp,The Chemical Brothers,1616734,electronic
Röyksopp,Goldfrapp,1616734,electronic
Röyksopp,Télépopmusik,1616734,electronic
Röyksopp,Zero 7,1616734,electronic
Röyksopp,I Level,1616734,electronic
Röyksopp,Daft Punk,1616734,electronic
Rabih Abou-Khalil,Renaud Garcia-Fons,13999,jazz
Rabih Abou-Khalil,Anouar Brahem,13999,jazz
Rabih Abou-Khalil,Dhafer Youssef,13999,jazz
Rabih Abou-Khalil,Hadouk Trio,13999,jazz
Rabih Abou-Khalil,Le Trio Joubran,13999,jazz
Rabih Abou-Khalil,Trilok Gurtu,13999,jazz
Rabih Abou-Khalil,Anouar Brahem Trio,13999,jazz
Rabih Abou-Khalil,Mercan Dede,13999,jazz
Rabih Abou-Khalil,Aziza Mustafa Zadeh,13999,jazz
Rabih Abou-Khalil,Omar Sosa,13999,jazz
Rabih Abou-Khalil,Stephan Micus,13999,jazz
Rabih Abou-Khalil,John Surman,13999,jazz
Rabih Abou-Khalil,Aldo Romano,13999,jazz
Rabih Abou-Khalil,Abdullah Ibrahim,13999,jazz
Rabih Abou-Khalil,Hamza El Din,13999,jazz
Rabih Abou-Khalil,Dhafer Youssef & Wolfgang Muthspiel,13999,jazz
Rabih Abou-Khalil,Jan Garbarek,13999,jazz
Rabih Abou-Khalil,Nguyên Lê,13999,jazz
Rabih Abou-Khalil,Toufic Farroukh,13999,jazz
Rabih Abou-Khalil,Dino Saluzzi,13999,jazz
Radiohead,Thom Yorke,3945868,alternative
Radiohead,Jonny Greenwood,3945868,alternative
Radiohead,Sigur Rós,3945868,alternative
Radiohead,Blur,3945868,alternative
Radiohead,Muse,3945868,alternative
Radiohead,Portishead,3945868,alternative
Radiohead,Interpol,3945868,alternative
Radiohead,Arcade Fire,3945868,alternative
Radiohead,Joy Division,3945868,alternative
Radiohead,Grizzly Bear,3945868,alternative
Radiohead,Modeselektor,3945868,alternative
Radiohead,Beck,3945868,alternative
Radiohead,Placebo,3945868,alternative
Radiohead,Pulp,3945868,alternative
Radiohead,The Smiths,3945868,alternative
Radiohead,Animal Collective,3945868,alternative
Radiohead,Atoms for Peace,3945868,alternative
Radiohead,Pink Floyd,3945868,alternative
Radiohead,Christopher O'Riley,3945868,alternative
Radiohead,Björk,3945868,alternative
Siouxsie and the Banshees,The Creatures,649207,post-punk
Siouxsie and the Banshees,Siouxsie,649207,post-punk
Siouxsie and the Banshees,Bauhaus,649207,post-punk
Siouxsie and the Banshees,Christian Death,649207,post-punk
Siouxsie and the Banshees,Xmal Deutschland,649207,post-punk
Siouxsie and the Banshees,Alien Sex Fiend,649207,post-punk
Siouxsie and the Banshees,The Glove,649207,post-punk
Siouxsie and the Banshees,Skeletal Family,649207,post-punk
Siouxsie and the Banshees,Specimen,649207,post-punk
Siouxsie and the Banshees,Cocteau Twins,649207,post-punk
Siouxsie and the Banshees,The Sisters of Mercy,649207,post-punk
Siouxsie and the Banshees,The Cure,649207,post-punk
Siouxsie and the Banshees,45 Grave,649207,post-punk
Siouxsie and the Banshees,Sex Gang Children,649207,post-punk
Siouxsie and the Banshees,Virgin Prunes,649207,post-punk
Siouxsie and the Banshees,Peter Murphy,649207,post-punk
Siouxsie and the Banshees,Love And Rockets,649207,post-punk
Siouxsie and the Banshees,Cinema Strange,649207,post-punk
Siouxsie and the Banshees,Mephisto Walz,649207,post-punk
Siouxsie and the Banshees,The Damned,649207,post-punk
Sofa Surfers,Peace Orchestra,373474,downtempo
Sofa Surfers,Tosca,373474,downtempo
Sofa Surfers,Boozoo Bajou,373474,downtempo
Sofa Surfers,Terranova,373474,downtempo
Sofa Surfers,Rockers Hi-Fi,373474,downtempo
Sofa Surfers,Red Snapper,373474,downtempo
Sofa Surfers,Kid Loco,373474,downtempo
Sofa Surfers,Markus Kienzl,373474,downtempo
Sofa Surfers,Thunderball,373474,downtempo
Sofa Surfers,Minus 8,373474,downtempo
Sofa Surfers,Kruder & Dorfmeister,373474,downtempo
Sofa Surfers,A Forest Mighty Black,373474,downtempo
Sofa Surfers,Funki Porcini,373474,downtempo
Sofa Surfers,Beanfield,373474,downtempo
Sofa Surfers,Alif Tree,373474,downtempo
Sofa Surfers,Fila Brazillia,373474,downtempo
Sofa Surfers,Trüby Trio,373474,downtempo
Sofa Surfers,Count Basic,373474,downtempo
Sofa Surfers,"Up, Bustle and Out",373474,downtempo
Sofa Surfers,Mo' Horizons,373474,downtempo
Sonic Youth,Thurston Moore,1321930,alternative
Sonic Youth,Ciccone Youth,1321930,alternative
Sonic Youth,Free Kitten,1321930,alternative
Sonic Youth,Lee Ranaldo,1321930,alternative
Sonic Youth,Dinosaur Jr.,1321930,alternative
Sonic Youth,My Bloody Valentine,1321930,alternative
Sonic Youth,Mudhoney,1321930,alternative
Sonic Youth,Pavement,1321930,alternative
Sonic Youth,Pixies,1321930,alternative
Sonic Youth,Sebadoh,1321930,alternative
Sonic Youth,Teenage Jesus and the Jerks,1321930,alternative
Sonic Youth,The Jesus and Mary Chain,1321930,alternative
Sonic Youth,Joy Division,1321930,alternative
Sonic Youth,Deerhunter,1321930,alternative
Sonic Youth,The Velvet Underground,1321930,alternative
Sonic Youth,The Breeders,1321930,alternative
Sonic Youth,Fugazi,1321930,alternative
Sonic Youth,Yo La Tengo,1321930,alternative
Sonic Youth,Pussy Galore,1321930,alternative
Sonic Youth,Babes In Toyland,1321930,alternative
Speedy J,B12,81458,techno
Speedy J,F.U.S.E.,81458,techno
Speedy J,Musicology,81458,techno
Speedy J,The Dice Man,81458,techno
Speedy J,I.A.O.,81458,techno
Speedy J,Close Up Over,81458,techno
Speedy J,Balil,81458,techno
Speedy J,Beaumont Hannant,81458,techno
Speedy J,Chris Liebing,81458,techno
Speedy J,Mark Franklin,81458,techno
Speedy J,Joey Beltram,81458,techno
Speedy J,UP!,81458,techno
Speedy J,Luke Slater,81458,techno
Speedy J,Plastikman,81458,techno
Speedy J,Hardfloor,81458,techno
Speedy J,Polygon Window,81458,techno
Speedy J,James Ruskin,81458,techno
Speedy J,Planetary Assault Systems,81458,techno
Speedy J,Dave Clarke,81458,techno
Speedy J,Tommy Four Seven,81458,techno
Squarepusher,Aphex Twin,481437,idm
Squarepusher,µ-Ziq,481437,idm
Squarepusher,Autechre,481437,idm
Squarepusher,Venetian Snares,481437,idm
Squarepusher,Chaos A.D.,481437,idm
Squarepusher,AFX,481437,idm
Squarepusher,Ceephax Acid Crew,481437,idm
Squarepusher,The Tuss,481437,idm
Squarepusher,Clark,481437,idm
Squarepusher,Polygon Window,481437,idm
Squarepusher,Mike & Rich,481437,idm
Squarepusher,Luke Vibert,481437,idm
Squarepusher,Chris Clark,481437,idm
Squarepusher,Wisp,481437,idm
Squarepusher,Wagon Christ,481437,idm
Squarepusher,Caustic Window,481437,idm
Squarepusher,Plaid,481437,idm
Squarepusher,Ceephax,481437,idm
Squarepusher,Plug,481437,idm
Squarepusher,Bogdan Raczynski,481437,idm
St. Germain,Kevin Yost,591556,chillout
St. Germain,Llorca,591556,chillout
St. Germain,Duran Y Garcia,591556,chillout
St. Germain,Briskey,591556,chillout
St. Germain,Mo' Horizons,591556,chillout
St. Germain,Metropolitan Jazz Affair,591556,chillout
St. Germain,Kyoto Jazz Massive,591556,chillout
St. Germain,Tosca,591556,chillout
St. Germain,DZihan & Kamien,591556,chillout
St. Germain,Gare du Nord,591556,chillout
St. Germain,Slow Train,591556,chillout
St. Germain,De-Phazz,591556,chillout
St. Germain,Soel,591556,chillout
St. Germain,DJ Cam Quartet,591556,chillout
St. Germain,Marc Moulin,591556,chillout
St. Germain,Jazzanova,591556,chillout
St. Germain,Barrio Jazz Gang,591556,chillout
St. Germain,Kruder & Dorfmeister,591556,chillout
St. Germain,Trüby Trio,591556,chillout
St. Germain,Nicola Conte,591556,chillout
Suba,Katia B,78487,brazilian
Suba,Sabrina Malheiros,78487,brazilian
Suba,Zuco 103,78487,brazilian
Suba,Cibelle,78487,brazilian
Suba,Great Barrier,78487,brazilian
Suba,Bossacucanova,78487,brazilian
Suba,Celso Fonseca,78487,brazilian
Suba,Soul Ascendants,78487,brazilian
Suba,Rosalia de Souza,78487,brazilian
Suba,Paula Morelenbaum,78487,brazilian
Suba,Sun Trust,78487,brazilian
Suba,Da Lata,78487,brazilian
Suba,Wally Brill,78487,brazilian
Suba,Bebel Gilberto,78487,brazilian
Suba,Fernanda Porto,78487,brazilian
Suba,Rosa Passos,78487,brazilian
Suba,Trumpet Thing,78487,brazilian
Suba,La Roca,78487,brazilian
Suba,Rollercone,78487,brazilian
Suba,Nomadix,78487,brazilian
Suede,Brett Anderson,632537,britpop
Suede,The Tears,632537,britpop
Suede,Bernard Butler,632537,britpop
Suede,Pulp,632537,britpop
Suede,Manic Street Preachers,632537,britpop
Suede,Strangelove,632537,britpop
Suede,Mansun,632537,britpop
Suede,McAlmont & Butler,632537,britpop
Suede,Blur,632537,britpop
Suede,Gene,632537,britpop
Suede,Rialto,632537,britpop
Suede,Elastica,632537,britpop
Suede,Menswear,632537,britpop
Suede,The Auteurs,632537,britpop
Suede,The Stone Roses,632537,britpop
Suede,Marion,632537,britpop
Suede,Nicky Wire,632537,britpop
Suede,Jarvis Cocker,632537,britpop
Suede,Primal Scream,632537,britpop
Suede,Morrissey,632537,britpop
Supergrass,The Hot Rats,803262,britpop
Supergrass,Super Furry Animals,803262,britpop
Supergrass,Kula Shaker,803262,britpop
Supergrass,The Charlatans,803262,britpop
Supergrass,Ocean Colour Scene,803262,britpop
Supergrass,Graham Coxon,803262,britpop
Supergrass,Blur,803262,britpop
Supergrass,Doves,803262,britpop
Supergrass,Manic Street Preachers,803262,britpop
Supergrass,The Bluetones,803262,britpop
Supergrass,Primal Scream,803262,britpop
Supergrass,Mansun,803262,britpop
Supergrass,The Coral,803262,britpop
Supergrass,Ash,803262,britpop
Supergrass,Elastica,803262,britpop
Supergrass,Gomez,803262,britpop
Supergrass,The La's,803262,britpop
Supergrass,The Stone Roses,803262,britpop
Supergrass,Suede,803262,britpop
Supergrass,The Zutons,803262,britpop
Télépopmusik,Angela McCluskey,791682,electronic
Télépopmusik,Zero 7,791682,electronic
Télépopmusik,Flunk,791682,electronic
Télépopmusik,Smoke City,791682,electronic
Télépopmusik,Telefon Tel Aviv,791682,electronic
Télépopmusik,Röyksopp,791682,electronic
Télépopmusik,Thievery Corporation,791682,electronic
Télépopmusik,Lamb,791682,electronic
Télépopmusik,Hooverphonic,791682,electronic
Télépopmusik,Trentemøller,791682,electronic
Télépopmusik,Morcheeba,791682,electronic
Télépopmusik,Koop,791682,electronic
Télépopmusik,Bonobo,791682,electronic
Télépopmusik,Moloko,791682,electronic
Télépopmusik,Mandalay,791682,electronic
Télépopmusik,Air,791682,electronic
Télépopmusik,Martina Topley-Bird,791682,electronic
Télépopmusik,Massive Attack,791682,electronic
Télépopmusik,Goldfrapp,791682,electronic
Télépopmusik,Groove Armada,791682,electronic
The Black Dog,B12,112130,idm
The Black Dog,Balil,112130,idm
The Black Dog,Plaid,112130,idm
The Black Dog,Surgeon,112130,idm
The Black Dog,Bola,112130,idm
The Black Dog,Biosphere,112130,idm
The Black Dog,Autechre,112130,idm
The Black Dog,Deepchord,112130,idm
The Black Dog,Gescom,112130,idm
The Black Dog,The Higher Intelligence Agency,112130,idm
The Black Dog,Monolake,112130,idm
The Black Dog,Planetary Assault Systems,112130,idm
The Black Dog,Sandwell District,112130,idm
The Black Dog,Beaumont Hannant,112130,idm
The Black Dog,Jega,112130,idm
The Black Dog,Vector Lovers,112130,idm
The Black Dog,Cylob,112130,idm
The Black Dog,Speedy J,112130,idm
The Black Dog,Proem,112130,idm
The Black Dog,Model 500,112130,idm
The Chemical Brothers,Fatboy Slim,1890822,electronic
The Chemical Brothers,The Crystal Method,1890822,electronic
The Chemical Brothers,The Prodigy,1890822,electronic
The Chemical Brothers,Underworld,1890822,electronic
The Chemical Brothers,Daft Punk,1890822,electronic
The Chemical Brothers,Junkie XL,1890822,electronic
The Chemical Brothers,Apollo 440,1890822,electronic
The Chemical Brothers,Leftfield,1890822,electronic
The Chemical Brothers,Orbital,1890822,electronic
The Chemical Brothers,Fluke,1890822,electronic
The Chemical Brothers,Groove Armada,1890822,electronic
The Chemical Brothers,Justice,1890822,electronic
The Chemical Brothers,Basement Jaxx,1890822,electronic
The Chemical Brothers,Moby,1890822,electronic
The Chemical Brothers,Faithless,1890822,electronic
The Chemical Brothers,Propellerheads,1890822,electronic
The Chemical Brothers,Röyksopp,1890822,electronic
The Chemical Brothers,Simian Mobile Disco,1890822,electronic
The Chemical Brothers,Overseer,1890822,electronic
The Chemical Brothers,Massive Attack,1890822,electronic
The Cinematic Orchestra,Bonobo,812902,jazz
The Cinematic Orchestra,Eddie Gale,812902,jazz
The Cinematic Orchestra,Skalpel,812902,jazz
The Cinematic Orchestra,Hidden Orchestra,812902,jazz
The Cinematic Orchestra,Will Self,812902,jazz
The Cinematic Orchestra,Kenji Eno,812902,jazz
The Cinematic Orchestra,Les Gammas,812902,jazz
The Cinematic Orchestra,Portico Quartet,812902,jazz
The Cinematic Orchestra,Xploding Plastix,812902,jazz
The Cinematic Orchestra,The Songstress,812902,jazz
The Cinematic Orchestra,Fink,812902,jazz
The Cinematic Orchestra,The Freedom Sounds,812902,jazz
The Cinematic Orchestra,DJ Krust,812902,jazz
The Cinematic Orchestra,Zero 7,812902,jazz
The Cinematic Orchestra,Jaga Jazzist,812902,jazz
The Cinematic Orchestra,Blockhead,812902,jazz
The Cinematic Orchestra,Submotion Orchestra,812902,jazz
The Cinematic Orchestra,Jon Kennedy,812902,jazz
The Cinematic Orchestra,Amon Tobin,812902,jazz
The Cinematic Orchestra,Quantic,812902,jazz
The Cure,The Glove,2364966,new wave
The Cure,Bauhaus,2364966,new wave
The Cure,Siouxsie and the Banshees,2364966,new wave
The Cure,Joy Division,2364966,new wave
The Cure,Echo & the Bunnymen,2364966,new wave
The Cure,New Order,2364966,new wave
The Cure,The Sisters of Mercy,2364966,new wave
The Cure,The Smiths,2364966,new wave
The Cure,Clan of Xymox,2364966,new wave
The Cure,Depeche Mode,2364966,new wave
The Cure,Peter Murphy,2364966,new wave
The Cure,Christian Death,2364966,new wave
The Cure,The Chameleons,2364966,new wave
The Cure,The Jesus and Mary Chain,2364966,new wave
The Cure,The Smashing Pumpkins,2364966,new wave
The Cure,Love And Rockets,2364966,new wave
The Cure,The Mission,2364966,new wave
The Cure,Placebo,2364966,new wave
The Cure,Morrissey,2364966,new wave
The Cure,Cocteau Twins,2364966,new wave
The Future Sound of London,Amorphous Androgynous,484372,electronic
The Future Sound of London,The Orb,484372,electronic
The Future Sound of London,Yage,484372,electronic
The Future Sound of London,Humanoid,484372,electronic
The Future Sound of London,Global Communication,484372,electronic
The Future Sound of London,Orbital,484372,electronic
The Future Sound of London,Autechre,484372,electronic
The Future Sound of London,Biosphere,484372,electronic
The Future Sound of London,Meat Beat Manifesto,484372,electronic
The Future Sound of London,The KLF,484372,electronic
The Future Sound of London,Speedy J,484372,electronic
The Future Sound of London,Underworld,484372,electronic
The Future Sound of London,Gescom,484372,electronic
The Future Sound of London,Bola,484372,electronic
The Future Sound of London,Spacetime Continuum,484372,electronic
The Future Sound of London,Plaid,484372,electronic
The Future Sound of London,The Black Dog,484372,electronic
The Future Sound of London,Banco De Gaia,484372,electronic
The Future Sound of London,The Higher Intelligence Agency,484372,electronic
The Future Sound of London,808 State,484372,electronic
The Gaslamp Killer,Jeremiah Jae,55598,experimental
The Gaslamp Killer,Flying Lotus,55598,experimental
The Gaslamp Killer,JJ DOOM,55598,experimental
The Gaslamp Killer,Daphni,55598,experimental
The Gaslamp Killer,Mala,55598,experimental
The Gaslamp Killer,Karriem Riggins,55598,experimental
The Gaslamp Killer,Gonjasufi,55598,experimental
The Gaslamp Killer,TNGHT,55598,experimental
The Gaslamp Killer,EPROM,55598,experimental
The Gaslamp Killer,Kutmah,55598,experimental
The Gaslamp Killer,Lorn,55598,experimental
The Gaslamp Killer,Cid Rim,55598,experimental
The Gaslamp Killer,Two Fingers,55598,experimental
The Gaslamp Killer,LV,55598,experimental
The Gaslamp Killer,Teebs,55598,experimental
The Gaslamp Killer,Mono/Poly,55598,experimental
The Gaslamp Killer,Cooly G,55598,experimental
The Gaslamp Killer,Groundislava,55598,experimental
The Gaslamp Killer,Vessel,55598,experimental
The Gaslamp Killer,RYAT,55598,experimental
The Orb,The Future Sound of London,377449,ambient
The Orb,FFWD,377449,ambient
The Orb,The Orb featuring David Gilmour,377449,ambient
The Orb,Orbital,377449,ambient
The Orb,System 7,377449,ambient
The Orb,Meat Beat Manifesto,377449,ambient
The Orb,Sun Electric,377449,ambient
The Orb,Underworld,377449,ambient
The Orb,The KLF,377449,ambient
The Orb,808 State,377449,ambient
The Orb,The Higher Intelligence Agency,377449,ambient
The Orb,Banco De Gaia,377449,ambient
The Orb,Global Communication,377449,ambient
The Orb,Thomas Fehlmann,377449,ambient
The Orb,Amorphous Androgynous,377449,ambient
The Orb,Spacetime Continuum,377449,ambient
The Orb,The Shamen,377449,ambient
The Orb,Biosphere,377449,ambient
The Orb,Eat Static,377449,ambient
The Orb,Leftfield,377449,ambient
The Prodigy,The Chemical Brothers,1745698,electronic
The Prodigy,Pendulum,1745698,electronic
The Prodigy,Maxim,1745698,electronic
The Prodigy,Fatboy Slim,1745698,electronic
The Prodigy,The Crystal Method,1745698,electronic
The Prodigy,Junkie XL,1745698,electronic
The Prodigy,Limp Bizkit,1745698,electronic
The Prodigy,Lunatic Calm,1745698,electronic
The Prodigy,Apollo 440,1745698,electronic
The Prodigy,Spor,1745698,electronic
The Prodigy,Noisia,1745698,electronic
The Prodigy,Static-X,1745698,electronic
The Prodigy,Overseer,1745698,electronic
The Prodigy,Moby,1745698,electronic
The Prodigy,Hadouken!,1745698,electronic
The Prodigy,The Qemists,1745698,electronic
The Prodigy,Daft Punk,1745698,electronic
The Prodigy,Rage Against the Machine,1745698,electronic
The Prodigy,Sub Focus,1745698,electronic
The Prodigy,Korn,1745698,electronic
The Sisters of Mercy,The Sisterhood,393057,Gothic Rock
The Sisters of Mercy,Fields of the Nephilim,393057,Gothic Rock
The Sisters of Mercy,The Merry Thoughts,393057,Gothic Rock
The Sisters of Mercy,The Mission,393057,Gothic Rock
The Sisters of Mercy,Bauhaus,393057,Gothic Rock
The Sisters of Mercy,Clan of Xymox,393057,Gothic Rock
The Sisters of Mercy,Christian Death,393057,Gothic Rock
The Sisters of Mercy,Rosetta Stone,393057,Gothic Rock
The Sisters of Mercy,Red Lorry Yellow Lorry,393057,Gothic Rock
The Sisters of Mercy,Specimen,393057,Gothic Rock
The Sisters of Mercy,Alien Sex Fiend,393057,Gothic Rock
The Sisters of Mercy,London After Midnight,393057,Gothic Rock
The Sisters of Mercy,Siouxsie and the Banshees,393057,Gothic Rock
The Sisters of Mercy,Ghost Dance,393057,Gothic Rock
The Sisters of Mercy,Skeletal Family,393057,Gothic Rock
The Sisters of Mercy,The March Violets,393057,Gothic Rock
The Sisters of Mercy,Love Like Blood,393057,Gothic Rock
The Sisters of Mercy,Corpus Delicti,393057,Gothic Rock
The Sisters of Mercy,Big Electric Cat,393057,Gothic Rock
The Sisters of Mercy,Xmal Deutschland,393057,Gothic Rock
The Smiths,Morrissey,1738963,indie
The Smiths,Joy Division,1738963,indie
The Smiths,The Cure,1738963,indie
The Smiths,The Stone Roses,1738963,indie
The Smiths,New Order,1738963,indie
The Smiths,Pulp,1738963,indie
The Smiths,Belle and Sebastian,1738963,indie
The Smiths,The Velvet Underground,1738963,indie
The Smiths,Blur,1738963,indie
The Smiths,Echo & the Bunnymen,1738963,indie
The Smiths,The Clash,1738963,indie
The Smiths,Suede,1738963,indie
The Smiths,The Jam,1738963,indie
The Smiths,The Horrors,1738963,indie
The Smiths,The Libertines,1738963,indie
The Smiths,The Jesus and Mary Chain,1738963,indie
The Smiths,David Bowie,1738963,indie
The Smiths,Radiohead,1738963,indie
The Smiths,Pixies,1738963,indie
The Smiths,My Bloody Valentine,1738963,indie
The Tears,Suede,61549,britpop
The Tears,Brett Anderson,61549,britpop
The Tears,Bernard Butler,61549,britpop
The Tears,McAlmont & Butler,61549,britpop
The Tears,Strangelove,61549,britpop
The Tears,Gene,61549,britpop
The Tears,Mansun,61549,britpop
The Tears,The Auteurs,61549,britpop
The Tears,Rialto,61549,britpop
The Tears,Geneva,61549,britpop
The Tears,Marion,61549,britpop
The Tears,Echobelly,61549,britpop
The Tears,Menswear,61549,britpop
The Tears,James Dean Bradfield,61549,britpop
The Tears,Manic Street Preachers,61549,britpop
The Tears,Shed Seven,61549,britpop
The Tears,Longpigs,61549,britpop
The Tears,My Life Story,61549,britpop
The Tears,The Lightning Seeds,61549,britpop
The Tears,Jarvis Cocker,61549,britpop
Thievery Corporation,Thunderball,1212207,chillout
Thievery Corporation,Avatars of Dub,1212207,chillout
Thievery Corporation,Indian Vibes,1212207,chillout
Thievery Corporation,Ustad Sultan Khan,1212207,chillout
Thievery Corporation,Pronoia,1212207,chillout
Thievery Corporation,The Januaries,1212207,chillout
Thievery Corporation,Ursula 1000,1212207,chillout
Thievery Corporation,The Karminsky Experience Inc.,1212207,chillout
Thievery Corporation,Dual Tone,1212207,chillout
Thievery Corporation,Den of Thieves,1212207,chillout
Thievery Corporation,Major Force,1212207,chillout
Thievery Corporation,Da Lata,1212207,chillout
Thievery Corporation,The 13th Sign,1212207,chillout
Thievery Corporation,Block 16,1212207,chillout
Thievery Corporation,desmond,1212207,chillout
Thievery Corporation,Fear Of Pop,1212207,chillout
Thievery Corporation,Zero 7,1212207,chillout
Thievery Corporation,Nightmares on Wax,1212207,chillout
Thievery Corporation,Desmond Williams,1212207,chillout
Thievery Corporation,Bobby Hughes Experience,1212207,chillout
Tindersticks,Stuart A. Staples,272769,indie
Tindersticks,Lambchop,272769,indie
Tindersticks,Devastations,272769,indie
Tindersticks,The Walkabouts,272769,indie
Tindersticks,Calexico,272769,indie
Tindersticks,The Black Heart Procession,272769,indie
Tindersticks,Richard Hawley,272769,indie
Tindersticks,Spain,272769,indie
Tindersticks,Arab Strap,272769,indie
Tindersticks,Cousteau,272769,indie
Tindersticks,Smog,272769,indie
Tindersticks,Low,272769,indie
Tindersticks,Nick Cave and the Bad Seeds,272769,indie
Tindersticks,Scott Walker,272769,indie
Tindersticks,Vic Chesnutt,272769,indie
Tindersticks,Giant Sand,272769,indie
Tindersticks,Dirty Three,272769,indie
Tindersticks,Crime & the City Solution,272769,indie
Tindersticks,Bonnie 'Prince' Billy,272769,indie
Tindersticks,Mick Harvey,272769,indie
Tosca,Peace Orchestra,594586,downtempo
Tosca,Kruder & Dorfmeister,594586,downtempo
Tosca,Boozoo Bajou,594586,downtempo
Tosca,DZihan & Kamien,594586,downtempo
Tosca,Fila Brazillia,594586,downtempo
Tosca,Baby Mammoth,594586,downtempo
Tosca,Sofa Surfers,594586,downtempo
Tosca,Kid Loco,594586,downtempo
Tosca,Count Basic,594586,downtempo
Tosca,Nightmares on Wax,594586,downtempo
Tosca,Rockers Hi-Fi,594586,downtempo
Tosca,Peter Kruder,594586,downtempo
Tosca,Minus 8,594586,downtempo
Tosca,Rodney Hunter,594586,downtempo
Tosca,Lemongrass,594586,downtempo
Tosca,Voom Voom,594586,downtempo
Tosca,The Dining Rooms,594586,downtempo
Tosca,Stereotyp,594586,downtempo
Tosca,Beanfield,594586,downtempo
Tosca,Funki Porcini,594586,downtempo
Toumani Diabaté,Toumani Diabaté's Symmetric Orchestra,49435,african
Toumani Diabaté,Toumani Diabaté with Ballake Sissoko,49435,african
Toumani Diabaté,Bassekou Kouyate & Ngoni ba,49435,african
Toumani Diabaté,Boubacar Traoré,49435,african
Toumani Diabaté,Oumou Sangare,49435,african
Toumani Diabaté,Afel Bocoum,49435,african
Toumani Diabaté,Mamadou Diabate,49435,african
Toumani Diabaté,Ballaké Sissoko,49435,african
Toumani Diabaté,Djelimady Tounkara,49435,african
Toumani Diabaté,Vieux Farka Touré,49435,african
Toumani Diabaté,Ali Farka Touré & Toumani Diabaté,49435,african
Toumani Diabaté,Taj Mahal & Toumani Diabate,49435,african
Toumani Diabaté,Issa Bagayogo,49435,african
Toumani Diabaté,Baaba Maal,49435,african
Toumani Diabaté,Cheikh Lô,49435,african
Toumani Diabaté,Ali Farka Touré,49435,african
Toumani Diabaté,Rokia Traoré,49435,african
Toumani Diabaté,Bassekou Kouyate,49435,african
Toumani Diabaté,Kandia Kouyate,49435,african
Toumani Diabaté,Dobet Gnahoré,49435,african
Trüby Trio,Beanfield,195418,lounge
Trüby Trio,Meitz,195418,lounge
Trüby Trio,Minus 8,195418,lounge
Trüby Trio,Rodney Hunter,195418,lounge
Trüby Trio,A Forest Mighty Black,195418,lounge
Trüby Trio,Duran Y Garcia,195418,lounge
Trüby Trio,Briskey,195418,lounge
Trüby Trio,Les Gammas,195418,lounge
Trüby Trio,The Funky Lowlives,195418,lounge
Trüby Trio,Count Basic,195418,lounge
Trüby Trio,Soul Quality Quartet,195418,lounge
Trüby Trio,Nuspirit Helsinki,195418,lounge
Trüby Trio,Atjazz,195418,lounge
Trüby Trio,Fauna Flash,195418,lounge
Trüby Trio,Micatone,195418,lounge
Trüby Trio,Rockers Hi-Fi,195418,lounge
Trüby Trio,Mo' Horizons,195418,lounge
Trüby Trio,Megashira,195418,lounge
Trüby Trio,Marschmellows,195418,lounge
Trüby Trio,Patchworks,195418,lounge
Tricky,Massive Attack,878942,trip-hop
Tricky,Martina Topley-Bird,878942,trip-hop
Tricky,UNKLE,878942,trip-hop
Tricky,Portishead,878942,trip-hop
Tricky,Archive,878942,trip-hop
Tricky,Lamb,878942,trip-hop
Tricky,Hooverphonic,878942,trip-hop
Tricky,Morcheeba,878942,trip-hop
Tricky,Sneaker Pimps,878942,trip-hop
Tricky,We Fell To Earth,878942,trip-hop
Tricky,Moloko,878942,trip-hop
Tricky,DJ Krush,878942,trip-hop
Tricky,Laika,878942,trip-hop
Tricky,Terranova,878942,trip-hop
Tricky,Smoke City,878942,trip-hop
Tricky,Beth Gibbons & Rustin Man,878942,trip-hop
Tricky,DJ Shadow,878942,trip-hop
Tricky,Faithless,878942,trip-hop
Tricky,Costanza,878942,trip-hop
Tricky,Thievery Corporation,878942,trip-hop
Tuxedomoon,Blaine L. Reininger,94959,experimental
Tuxedomoon,Steven Brown,94959,experimental
Tuxedomoon,Minimal Compact,94959,experimental
Tuxedomoon,Snakefinger,94959,experimental
Tuxedomoon,Winston Tong,94959,experimental
Tuxedomoon,The Residents,94959,experimental
Tuxedomoon,The Legendary Pink Dots,94959,experimental
Tuxedomoon,Chrome,94959,experimental
Tuxedomoon,Eyeless In Gaza,94959,experimental
Tuxedomoon,Fad Gadget,94959,experimental
Tuxedomoon,23 Skidoo,94959,experimental
Tuxedomoon,Cabaret Voltaire,94959,experimental
Tuxedomoon,Dark Day,94959,experimental
Tuxedomoon,Clock DVA,94959,experimental
Tuxedomoon,Virgin Prunes,94959,experimental
Tuxedomoon,Trisomie 21,94959,experimental
Tuxedomoon,A Certain Ratio,94959,experimental
Tuxedomoon,Einstürzende Neubauten,94959,experimental
Tuxedomoon,Crime & the City Solution,94959,experimental
Tuxedomoon,Psychic TV,94959,experimental
Underworld,Orbital,866382,electronic
Underworld,The Orb,866382,electronic
Underworld,Leftfield,866382,electronic
Underworld,Fluke,866382,electronic
Underworld,The Chemical Brothers,866382,electronic
Underworld,The Future Sound of London,866382,electronic
Underworld,808 State,866382,electronic
Underworld,ケンイシイ,866382,electronic
Underworld,Sasha,866382,electronic
Underworld,System 7,866382,electronic
Underworld,Meat Beat Manifesto,866382,electronic
Underworld,電気グルーヴ,866382,electronic
Underworld,BT,866382,electronic
Underworld,Faithless,866382,electronic
Underworld,Groove Armada,866382,electronic
Underworld,CJ Bolland,866382,electronic
Underworld,LFO,866382,electronic
Underworld,Aphex Twin,866382,electronic
Underworld,Hardfloor,866382,electronic
Underworld,Propellerheads,866382,electronic
Vista La Vie,Del Dongo,87,NA
Vista La Vie,The Duncan,87,NA
Vista La Vie,Softporno & SoundCreator,87,NA
Vista La Vie,streetjack,87,NA
Vista La Vie,MHallo,87,NA
Vista La Vie,The Fishyfish Project,87,NA
Vista La Vie,Cosmofonika,87,NA
Vista La Vie,DJ KAAN GOKMAN,87,NA
Vista La Vie,Ian Lane,87,NA
Vista La Vie,Sigur Ros & Radiohead,87,NA
Vista La Vie,Makena Manison,87,NA
Vista La Vie,Déjà Move,87,NA
Vista La Vie,Walfgang Haffner,87,NA
Vista La Vie,Ivan Klass,87,NA
Vista La Vie,DJ Ravin,87,NA
Vista La Vie,King Seven,87,NA
Vista La Vie,ATB; Enigma,87,NA
Vista La Vie,Paper Jam,87,NA
Vista La Vie,Pulsar Bleu,87,NA
Vista La Vie,Campa,87,NA
William Orbit,Sounds from the Ground,293645,ambient
William Orbit,The Orb,293645,ambient
William Orbit,Ulrich Schnauss,293645,ambient
William Orbit,Banco De Gaia,293645,ambient
William Orbit,Global Communication,293645,ambient
William Orbit,Orbital,293645,ambient
William Orbit,System 7,293645,ambient
William Orbit,The Future Sound of London,293645,ambient
William Orbit,Jakatta,293645,ambient
William Orbit,The Higher Intelligence Agency,293645,ambient
William Orbit,The Shamen,293645,ambient
William Orbit,Eat Static,293645,ambient
William Orbit,Chris Coco,293645,ambient
William Orbit,Tom Middleton,293645,ambient
William Orbit,Spacetime Continuum,293645,ambient
William Orbit,808 State,293645,ambient
William Orbit,Bassomatic,293645,ambient
William Orbit,Leftfield,293645,ambient
William Orbit,Art of Noise,293645,ambient
William Orbit,Afterlife,293645,ambient
Zero 7,Sylvia Striplin,1227232,chillout
Zero 7,Air,1227232,chillout
Zero 7,Thievery Corporation,1227232,chillout
Zero 7,Don Blackman,1227232,chillout
Zero 7,Mozez,1227232,chillout
Zero 7,Sia,1227232,chillout
Zero 7,Télépopmusik,1227232,chillout
Zero 7,Morcheeba,1227232,chillout
Zero 7,The Cinematic Orchestra,1227232,chillout
Zero 7,Bonobo,1227232,chillout
Zero 7,Leroy Hutson,1227232,chillout
Zero 7,Da Lata,1227232,chillout
Zero 7,Blue States,1227232,chillout
Zero 7,Groove Armada,1227232,chillout
Zero 7,Röyksopp,1227232,chillout
Zero 7,Nightmares on Wax,1227232,chillout
Zero 7,Hooverphonic,1227232,chillout
Zero 7,Lemon Jelly,1227232,chillout
Zero 7,Tosca,1227232,chillout
Zero 7,Quantic,1227232,chillout
Zuco 103,Suba,127753,acid jazz
Zuco 103,Bossacucanova,127753,acid jazz
Zuco 103,Sabrina Malheiros,127753,acid jazz
Zuco 103,Rosalia de Souza,127753,acid jazz
Zuco 103,New Cool Collective,127753,acid jazz
Zuco 103,Charles Schillings,127753,acid jazz
Zuco 103,Major Boys,127753,acid jazz
Zuco 103,Fernanda Porto,127753,acid jazz
Zuco 103,Gare du Nord,127753,acid jazz
Zuco 103,Variety Lab,127753,acid jazz
Zuco 103,Slow Train,127753,acid jazz
Zuco 103,Celso Fonseca,127753,acid jazz
Zuco 103,Dublex Inc.,127753,acid jazz
Zuco 103,Bebel Gilberto,127753,acid jazz
Zuco 103,Flying Pop's,127753,acid jazz
Zuco 103,S-Tone Inc.,127753,acid jazz
Zuco 103,Mo' Horizons,127753,acid jazz
Zuco 103,Giovanca,127753,acid jazz
Zuco 103,Da Lata,127753,acid jazz
Zuco 103,Demon Ritchie,127753,acid jazz
Нова Генерация,Anastasia,2640,darkwave
Anastasia,Нова Генерация,53362,Macedonian
Нова Генерация,Mizar,2640,darkwave
Mizar,Нова Генерация,4072,darkwave
Anastasia,Dead Can Dance,53362,Macedonian
Нова Генерация,The Sisters of Mercy,2640,darkwave
Nusrat Fateh Ali Khan,Rabih Abou-Khalil,137872,qawwali
Isihia,Anastasia,2619,bulgarian
Andy Stott,Extrawelt,31534,dub techno
Claro Intelecto,Extrawelt,49382,minimal
Ali Farka Touré,Anouar Brahem,134993,african
Ali Farka Touré,Rabih Abou-Khalil,134993,african
Flying Lotus,Claro Intelecto,416219,electronic
Flying Lotus,Andy Stott,416219,electronic
